id,Nombre,Apellido,email,Genero,Marca,Modelo,Año de fabricacion,VIN
1,Terry,Oliveti,toliveti0@opensource.org,Genderfluid,BMW,Z4 M,2006,KNADH5A39A6926375
2,Clint,Follen,cfollen1@about.com,Bigender,Chevrolet,Cobalt,2008,4T1BK3DB8AU127486
3,Ana,MacLaverty,amaclaverty2@berkeley.edu,Female,Chevrolet,Cavalier,2002,WBAYA6C56DC304994
4,Eben,Tant,etant3@desdev.cn,Male,Chevrolet,Equinox,2010,WBA3A5G59EN412563
5,Maitilde,Keston,mkeston4@multiply.com,Female,Lincoln,Continental,2000,JTJBARBZ8F2509155
6,Augie,Eydel,aeydel5@is.gd,Genderfluid,Honda,Fit,2009,WBALW7C54DD671419
7,Justine,Karpf,jkarpf6@wordpress.com,Female,GMC,2500 Club Coupe,1997,WDBWK5EAXAF014732
8,Skippy,Poynzer,spoynzer7@marketwatch.com,Male,Mitsubishi,Mirage,1987,JN1AZ4EH7AM889358
9,Shirlee,Dudenie,sdudenie8@digg.com,Female,Hyundai,Tucson,2012,WAUWGAFB0AN132505
10,Bride,Mogg,bmogg9@dailymotion.com,Non-binary,Mercedes-Benz,SL65 AMG,2006,1GYEC63837R711984
11,Joanne,Hatley,jhatleya@naver.com,Female,Buick,LeSabre,1998,WP0AA2A97DS221776
12,Fredia,Kennealy,fkennealyb@biglobe.ne.jp,Female,Kia,Rio,2013,WUARL48H49K414015
13,Peta,Bastard,pbastardc@china.com.cn,Genderfluid,Volkswagen,Fox,1989,2G4WC582981347584
14,Raleigh,Batchley,rbatchleyd@a8.net,Male,Ford,Transit Connect,2012,WBA3A5C52DJ000609
15,Sabina,Darter,sdartere@china.com.cn,Female,Scion,xA,2004,1GYS3CEF3DR585182
16,Adrian,Armatys,aarmatysf@homestead.com,Male,Porsche,Boxster,2010,1FTFW1E81AF058191
17,Rozalie,Brecknock,rbrecknockg@engadget.com,Female,Pontiac,Firebird,1988,JH4CL95858C907519
18,Beryl,Gudger,bgudgerh@scientificamerican.com,Female,Lexus,LX,2002,1D7RV1CP6BS088816
19,Esme,Pyrah,epyrahi@bigcartel.com,Genderqueer,Kia,Spectra,2005,3MZBM1L72EM648713
20,Ewell,Lilleycrop,elilleycropj@soundcloud.com,Male,Ford,Aerostar,1994,1GYFC33259R205414
21,Katalin,Allport,kallportk@163.com,Female,Oldsmobile,Achieva,1993,3FAHP0KC4AR016019
22,Yurik,Delap,ydelapl@adobe.com,Male,Mercedes-Benz,G-Class,2003,WBAFB335X1L054934
23,Bendick,Wooton,bwootonm@indiatimes.com,Male,BMW,Z3,1999,1N6BF0KX8FN623053
24,Andi,Simoncini,asimoncinin@ucoz.com,Female,Pontiac,Grand Am,1997,3VW4S7AT7EM064633
25,Matteo,Galia,mgaliao@miitbeian.gov.cn,Male,Buick,Skylark,1986,WAUGL68E35A712364
26,Glynn,Dugmore,gdugmorep@businesswire.com,Male,Volkswagen,Golf III,1995,1B3AZ6JZ0AV447458
27,Benetta,Wiltshaw,bwiltshawq@go.com,Female,BMW,6 Series,2008,2T1BU4EE6DC537086
28,Jaquenette,Nicholls,jnichollsr@cnet.com,Female,Toyota,T100,1996,WA1MMBFE3AD877347
29,Kerr,Mapplebeck,kmapplebecks@t-online.de,Male,Pontiac,Daewoo Kalos,2005,WBALX3C55CD244318
30,Wilfred,Maidstone,wmaidstonet@smugmug.com,Male,Mazda,Mazda3,2004,WAUGL98E76A507214
31,Thoma,Ferminger,tfermingeru@meetup.com,Non-binary,GMC,Savana 2500,2007,WBY2Z2C54FV089826
32,Frasquito,Deane,fdeanev@github.com,Male,BMW,X5,2006,SALWR2TF1FA224692
33,Jaime,Richardson,jrichardsonw@liveinternet.ru,Female,Honda,CR-Z,2011,WAUR2AFD2EN261820
34,Dalston,Massot,dmassotx@goo.ne.jp,Male,Volkswagen,Passat,1998,WA1VMBFE0AD738250
35,Andris,Jewster,ajewstery@rakuten.co.jp,Polygender,Hyundai,Elantra,2012,3FADP4AJ3CM174700
36,Carmela,Shoorbrooke,cshoorbrookez@biglobe.ne.jp,Female,Porsche,968,1992,2G4GT5GX4F9245271
37,Dorolisa,McGoldrick,dmcgoldrick10@yellowpages.com,Female,Chevrolet,Malibu,1999,5FRYD4H41GB014960
38,Quentin,Byforth,qbyforth11@ycombinator.com,Female,Subaru,Outback,2004,1G6DL5EY5B0268911
39,Danette,Spurrett,dspurrett12@blogger.com,Female,Plymouth,Grand Voyager,1994,WVWED7AJ0BW994353
40,Marge,Padwick,mpadwick13@amazon.co.uk,Female,Chevrolet,Blazer,2001,WAUBNBFB5AN568261
41,Karie,Poultney,kpoultney14@shinystat.com,Female,Pontiac,Sunbird,1986,2C3CCAGG9FH658776
42,Gilburt,McFadden,gmcfadden15@ocn.ne.jp,Male,Kia,Optima,2007,5FRYD4H97GB902074
43,Morty,St Quenin,mstquenin16@icio.us,Male,Mitsubishi,Outlander Sport,2011,WBAGN63434D760694
44,Chandra,Murra,cmurra17@cdc.gov,Female,Dodge,Ram 2500,2006,WDCYC7DF5FX902655
45,Aeriela,Harbison,aharbison18@netvibes.com,Female,Hyundai,Accent,2012,5GAKRBKD0EJ357577
46,Bryanty,Kelle,bkelle19@elpais.com,Male,Pontiac,Grand Prix,1979,WAUKFBFL5CN449960
47,Felita,O' Mullan,fomullan1a@a8.net,Female,Porsche,911,1991,3C6JD6CT1CG837638
48,Archer,Downs,adowns1b@senate.gov,Male,Mitsubishi,Mirage,2000,1G6KF54982U229196
49,Gae,McNirlan,gmcnirlan1c@mozilla.com,Female,Dodge,Durango,1999,2C4RDGCG6CR181127
50,Angy,Bern,abern1d@blogger.com,Female,Aston Martin,V8 Vantage,2007,WBA3N9C52EK440806
51,Colas,Sinkinson,csinkinson1e@ca.gov,Male,GMC,Yukon XL 2500,2003,1FADP5BU2DL090160
52,Gertrud,Kenwell,gkenwell1f@illinois.edu,Female,Lotus,Exige,2012,WBAYF4C53ED032079
53,Andrus,Daile,adaile1g@cmu.edu,Male,Chevrolet,TrailBlazer,2008,WAUDV74F17N526514
54,Josi,But,jbut1h@exblog.jp,Female,Nissan,Maxima,1992,WVGAV7AX3AW914781
55,Di,Scorey,dscorey1i@bing.com,Female,Dodge,D250 Club,1992,WAULT68EX2A924222
56,Angeline,Toomer,atoomer1j@bandcamp.com,Female,Mercury,Topaz,1991,19UUA9E57EA307384
57,Renie,Pechard,rpechard1k@bravesites.com,Non-binary,GMC,2500,1999,3G5DB03L56S510452
58,Jimmy,Hurkett,jhurkett1l@unesco.org,Male,Audi,Cabriolet,1996,YV4952BL5E1169621
59,Roderick,Wieprecht,rwieprecht1m@amazon.co.jp,Male,Hyundai,XG300,2001,5N1AN0NW3FN041071
60,Daryn,Fahey,dfahey1n@amazon.co.jp,Agender,Mitsubishi,Galant,1985,JN8AZ2KR8ET953258
61,Rickard,Brockie,rbrockie1o@gnu.org,Genderqueer,Volkswagen,Rabbit,2010,5N1CL0MM8EC602518
62,Cassie,Kestin,ckestin1p@1und1.de,Male,Chevrolet,Impala,2011,WAUUL78E88A820850
63,Sumner,Taffs,staffs1q@quantcast.com,Non-binary,Ford,Thunderbird,2003,JTDKDTB32C1049088
64,Agathe,Mila,amila1r@nymag.com,Female,Nissan,350Z Roadster,2006,WBSBL93445P462071
65,Averill,Salzberg,asalzberg1s@wiley.com,Male,Buick,Coachbuilder,1991,JN8AS5MT0DW482170
66,Rebeca,Tolchard,rtolchard1t@ucoz.ru,Female,Nissan,Sentra,1996,WP0CA2A83FS525075
67,Lester,Harrowsmith,lharrowsmith1u@goo.gl,Male,Acura,NSX,1995,3N1AB6AP1CL717336
68,Mordecai,Stormouth,mstormouth1v@miibeian.gov.cn,Male,Suzuki,SJ,1990,JN8AF5MR2ET523331
69,Layne,Bindon,lbindon1w@godaddy.com,Female,Mercury,Villager,1995,KNDJT2A25D7587428
70,Sigismond,Mitchelhill,smitchelhill1x@guardian.co.uk,Male,Honda,Civic,2005,3N1AB7AP9FL458816
71,Lindy,Hamlington,lhamlington1y@angelfire.com,Female,Ford,E150,2009,WBAUP7C56DV409929
72,Daveen,Dron,ddron1z@cbsnews.com,Female,open,Pajero,1992,WBAKG1C56CJ505277
73,Madeleine,Niemiec,mniemiec20@printfriendly.com,Female,Lincoln,MKS,2012,3C6JD6CT1CG611261
74,Darrell,Loach,dloach21@tinyurl.com,Male,Kia,Carens,2008,SCFEBBCF0CG434847
75,Rowland,MacDowall,rmacdowall22@g.co,Male,Mitsubishi,Outlander,2004,SCFFBCBDXAG797986
76,Tyrus,Penfold,tpenfold23@google.fr,Male,Lincoln,Navigator,2002,WBA5A5C51FD275768
77,Innis,Sherme,isherme24@stanford.edu,Male,GMC,Suburban 1500,1995,WAUYP64B41N593327
78,Phil,Tobias,ptobias25@fda.gov,Female,Dodge,Dakota,2001,YV1672MC0CJ233441
79,Cynthia,St Quenin,cstquenin26@wsj.com,Polygender,Toyota,Sienna,2003,WVWAP7AN7EE294722
80,Herold,D'Angeli,hdangeli27@unc.edu,Male,BMW,Z3,1999,1GTPCTEX4AZ836730
81,Goraud,Streeton,gstreeton28@51.la,Male,Mercury,Tracer,1995,WBA4A9C53FD360484
82,Christal,Harses,charses29@gnu.org,Female,Porsche,Cayman,2007,WBAFR7C56DC304628
83,Lindy,Ricca,lricca2a@wsj.com,Male,Nissan,Maxima,1997,3D4PG6FV4AT996409
84,Orelia,Mallows,omallows2b@epa.gov,Female,Hyundai,Sonata,1997,2C3CDZFJ0FH530855
85,Valle,Desforges,vdesforges2c@stumbleupon.com,Male,Oldsmobile,Aurora,1999,3LNDL2L38CR911042
86,Staffard,Smalecombe,ssmalecombe2d@admin.ch,Male,Ford,F-Series,1992,1G6DE1E34E0126450
87,Katerina,De Domenicis,kdedomenicis2e@patch.com,Female,Ford,F350,1992,WBALW3C55EC129309
88,Teddy,Monahan,tmonahan2f@wikimedia.org,Male,Mercury,Sable,1991,3VW1K7AJXDM100427
89,Tait,Crinson,tcrinson2g@blogs.com,Male,Jaguar,X-Type,2006,WAUCH74F79N226062
90,Conney,Geldart,cgeldart2h@hhs.gov,Male,Studebaker,Avanti,1961,3GYFNDE39FS660121
91,Fionna,Reilingen,freilingen2i@businesswire.com,Female,Lincoln,Mark VIII,1996,JTHBB1BA0B2131286
92,Penelopa,Emlyn,pemlyn2j@stanford.edu,Female,Mercedes-Benz,W201,1988,WBAVA33597K306170
93,Valentijn,Orringe,vorringe2k@mapy.cz,Male,Chevrolet,Malibu,2009,WA1YL54B45N045823
94,Zitella,Brands,zbrands2l@tumblr.com,Female,Toyota,Tacoma Xtra,2002,JTHBL5EFXC5158233
95,Wade,MacTague,wmactague2m@gov.uk,Genderqueer,Subaru,Legacy,2005,SCBCR63W36C032294
96,Toma,Pettyfer,tpettyfer2n@newsvine.com,Female,Plymouth,Laser,1993,3N1AB6AP4BL222269
97,Jacynth,Maris,jmaris2o@phpbb.com,Female,Porsche,Cayenne,2013,TRUWT28N011780886
98,Valenka,Haselgrove,vhaselgrove2p@aboutads.info,Female,Mercury,Tracer,1996,WBAYM1C57FD176305
99,Moritz,Sebert,msebert2q@nasa.gov,Male,Mercedes-Benz,GL-Class,2007,3VW8S7AT7FM963060
100,Saw,Satchell,ssatchell2r@nba.com,Male,Pontiac,G6,2008,1G4HF5EM8AU518373
101,Nerty,Royle,nroyle2s@statcounter.com,Female,Dodge,Ram 1500,1998,3C3CFFDR6FT471139
102,Dru,Buist,dbuist2t@wikimedia.org,Female,Maybach,62,2008,WBAEW53443P049761
103,Marissa,Cisec,mcisec2u@sogou.com,Female,Saturn,Outlook,2009,WBA5A5C59FD766377
104,Maryanna,Coiley,mcoiley2v@issuu.com,Genderfluid,Kia,Sedona,2006,JTDKDTB37D1551421
105,Redford,Artus,rartus2w@google.it,Male,Volkswagen,Jetta,2004,WAUKH78E07A522106
106,Barron,Trudgeon,btrudgeon2x@yale.edu,Genderfluid,Ford,Mustang,1987,WBAYF4C58FD714313
107,Esma,Isacke,eisacke2y@marriott.com,Female,Dodge,Grand Caravan,1993,3VW467AT9CM784825
108,Ivor,Levitt,ilevitt2z@businessinsider.com,Male,Tesla,Roadster,2011,WA1CGBFEXED977325
109,Bride,Hilbourne,bhilbourne30@homestead.com,Female,Chevrolet,Corvette,2009,WDDEJ7HB2AA510580
110,Manny,FitzGeorge,mfitzgeorge31@technorati.com,Male,Mazda,626,1994,2C4RRGAG8DR631124
111,Riobard,Pobjay,rpobjay32@nydailynews.com,Male,Saturn,Relay,2006,WAUKG58E45A626649
112,Elane,Cattlemull,ecattlemull33@dell.com,Female,Ford,LTD Crown Victoria,1991,WA1EFCFS7FR338671
113,Nalani,Goold,ngoold34@vimeo.com,Female,Toyota,Sienna,1998,3N1CE2CP8FL171001
114,Donaugh,Kiln,dkiln35@sakura.ne.jp,Male,GMC,Yukon XL 2500,2009,1G6AH1RX0F0964757
115,Deidre,Blitzer,dblitzer36@hp.com,Female,Mazda,RX-7,1988,1B3CB2HA5AD159205
116,Viviene,Chandler,vchandler37@weibo.com,Female,Infiniti,QX,2004,2C3CCAJG0DH012130
117,Shurlocke,Enstone,senstone38@cmu.edu,Male,BMW,X5,2005,5UXFA53552L528239
118,Rubie,Indgs,rindgs39@cafepress.com,Female,Dodge,Intrepid,1996,KNAFU6A23A5414022
119,Olenka,Schoroder,oschoroder3a@a8.net,Female,Cadillac,DeVille,1993,1FTWW3B55AE057072
120,Alick,Carnaman,acarnaman3b@va.gov,Male,Saab,9000,1994,JHMZE2H36BS651741
121,Lena,Tschursch,ltschursch3c@istockphoto.com,Female,Mazda,Millenia,1995,WAUML64B84N068589
122,Isabelle,Woan,iwoan3d@globo.com,Female,Volvo,XC90,2003,1G6DE5E57D0339996
123,Ruth,Broader,rbroader3e@boston.com,Female,Acura,RL,2006,1G4HR54KX34066629
124,Noell,Jewess,njewess3f@paginegialle.it,Female,Audi,A4,2000,WAUDH48H38K389743
125,Shelton,Punshon,spunshon3g@google.com.br,Male,Oldsmobile,Silhouette,2003,2HNYD18211H744409
126,Viviyan,Mose,vmose3h@a8.net,Female,Ford,F250,1993,1FTKR1AD1BP389227
127,Sibylla,Moyler,smoyler3i@mtv.com,Female,Infiniti,FX,2009,WDBWK5EA5BF747191
128,Osbourne,Maginn,omaginn3j@latimes.com,Male,Toyota,Tacoma Xtra,2000,SALME1D48CA691159
129,Alethea,Mackerel,amackerel3k@linkedin.com,Female,Hyundai,Azera,2012,5UXFG2C53E0271682
130,Tasha,Vaughan-Hughes,tvaughanhughes3l@purevolume.com,Non-binary,Dodge,Shadow,1993,1G4PP5SK1C4935333
131,Iormina,Brushfield,ibrushfield3m@mtv.com,Female,Dodge,Ram 2500 Club,1996,5TDBW5G15BS999590
132,Anson,Vell,avell3n@tumblr.com,Male,Honda,del Sol,1993,WAUEL74F56N438929
133,Adrien,Stockney,astockney3o@bbc.co.uk,Male,Audi,S6,2009,2T1BU4EE2BC985631
134,Judy,Howsego,jhowsego3p@pbs.org,Female,Chevrolet,Malibu,2009,JTDBT4K36B1131915
135,Keslie,Cockshtt,kcockshtt3q@hibu.com,Female,Mercedes-Benz,CLS-Class,2011,2G4WC582081817498
136,Crissy,Selby,cselby3r@feedburner.com,Female,Lexus,SC,1995,1N4CL2AP3BC400069
137,Ardene,Pomfret,apomfret3s@google.com.au,Female,Suzuki,XL-7,2001,WAULD64B82N897118
138,Cody,Errey,cerrey3t@wikimedia.org,Female,BMW,M,2001,1N6AA0CHXEN275921
139,Yolande,Ales,yales3u@deviantart.com,Genderqueer,Chevrolet,3500,1994,JN1AZ4EH8CM586771
140,Hymie,Toffano,htoffano3v@google.cn,Male,Mazda,Tribute,2011,WAUBF78E77A178246
141,Greg,Blaes,gblaes3w@pinterest.com,Male,MINI,Cooper,2010,1GYFC232X9R031396
142,Bernadene,Marti,bmarti3x@walmart.com,Female,Honda,CR-V,2007,JM1NC2EF7A0569497
143,Patsy,Chartman,pchartman3y@jugem.jp,Female,Pontiac,Grand Am,1992,WP1AB2A27FL421369
144,Rae,Blacktin,rblacktin3z@last.fm,Female,BMW,530,2001,2HNYD2H39DH644934
145,Moishe,Minithorpe,mminithorpe40@cocolog-nifty.com,Male,Toyota,Tundra,2007,WAU3VAFR5BA517086
146,Duane,Tucknott,dtucknott41@yolasite.com,Male,Chrysler,Concorde,1993,WBA3B9C54EF295849
147,Michail,Grissett,mgrissett42@freewebs.com,Male,GMC,Savana 2500,2002,1G6DL67A980757147
148,Dani,Brigg,dbrigg43@free.fr,Bigender,Kia,Amanti,2005,2G4GV5GV7C9340881
149,Benito,Lethebridge,blethebridge44@dropbox.com,Male,Subaru,Outback,2000,5FRYD4H48FB175143
150,Verla,Ruggier,vruggier45@dagondesign.com,Female,Jaguar,XK Series,2003,1GYFK43509R207980
151,Jelene,Du Plantier,jduplantier46@scribd.com,Bigender,Mazda,B-Series,1995,3FADP0L37AR487580
152,Jules,Bayliss,jbayliss47@vinaora.com,Male,BMW,M,2001,1GYS3CEF4CR256649
153,Theodor,Domb,tdomb48@craigslist.org,Male,Studebaker,Avanti,1962,4T1BD1EB5EU666635
154,Neils,Volkers,nvolkers49@kickstarter.com,Male,Dodge,Omni,1978,VNKKTUD31FA193281
155,Chaddy,Leafe,cleafe4a@rakuten.co.jp,Male,Lexus,ES,1998,2G61R5S39D9866387
156,Vaclav,Cromley,vcromley4b@usgs.gov,Male,Nissan,Frontier,2012,1GD11ZCG4DF364743
157,Skipton,Brien,sbrien4c@unesco.org,Male,Pontiac,Grand Am,1987,1LNHL9EK6FG480582
158,Silvano,Abatelli,sabatelli4d@twitpic.com,Male,MINI,Cooper Countryman,2012,5UXFG8C52EL610272
159,Coleman,Skullet,cskullet4e@xrea.com,Male,Acura,RL,2001,1FTWW3DY1AE856421
160,Bell,Pendlenton,bpendlenton4f@census.gov,Female,Mercury,Grand Marquis,1999,SCBGH3ZA9FC348930
161,Teresina,Offield,toffield4g@kickstarter.com,Female,Infiniti,Q,1992,WBAWR33578P543175
162,Egon,Sheaf,esheaf4h@fastcompany.com,Male,Chevrolet,Blazer,1999,5N1AR1NB6AC015947
163,Marla,Massen,mmassen4i@lycos.com,Agender,Toyota,Prius,2012,KL4CJESB4FB911820
164,Andriana,Hast,ahast4j@usgs.gov,Female,Nissan,Frontier,2009,WAUBF98E28A214891
165,Tome,Tenaunt,ttenaunt4k@networkadvertising.org,Male,BMW,7 Series,1994,SCBGC3ZA2EC912575
166,Letta,Cattrell,lcattrell4l@forbes.com,Female,Mercury,Grand Marquis,1998,WBSDX9C59DJ554915
167,Dacey,Phorsby,dphorsby4m@imdb.com,Female,Pontiac,Aztek,2005,1D4PU2GK3AW305516
168,Talbert,Croneen,tcroneen4n@imdb.com,Male,Audi,S6,2010,WAUPFAFM8AA114222
169,Aurore,Bendley,abendley4o@columbia.edu,Agender,Toyota,Camry,1998,1G4HP54K534312458
170,Rikki,Aldhous,raldhous4p@google.ca,Male,Cadillac,SRX,2005,WA1CGAFE1FD857425
171,Melisande,Povall,mpovall4q@etsy.com,Female,Toyota,Sequoia,2005,WAUAH78E47A100335
172,Ingmar,Haffenden,ihaffenden4r@blogs.com,Male,Cadillac,Escalade EXT,2006,WAUSH94F18N332478
173,Ulrick,Nesbeth,unesbeth4s@wikipedia.org,Male,Ford,F250,2009,1VWAS7A35FC522790
174,Diarmid,Josse,djosse4t@behance.net,Male,Chevrolet,G-Series G30,1994,JM1NC2LF0C0151403
175,Rocky,Frosdick,rfrosdick4u@163.com,Male,GMC,Sonoma Club Coupe,1995,JH4DB755X1S079349
176,Erin,Tebbit,etebbit4v@ning.com,Female,Ford,EXP,1986,1GYS4DEF5ER254706
177,Eberto,Shafto,eshafto4w@army.mil,Male,Chevrolet,Corvette,1978,WBALX3C56CD226460
178,Margot,Jankowski,mjankowski4x@merriam-webster.com,Female,Saturn,S-Series,1999,WAUMF78P26A456494
179,Kayne,Banister,kbanister4y@dailymail.co.uk,Male,Bentley,Continental,2010,WAU3GAFC2DN328560
180,Nealy,Huband,nhuband4z@patch.com,Male,Cadillac,CTS-V,2006,WAUDF78E78A416008
181,Quincy,Whitchurch,qwhitchurch50@tinyurl.com,Male,GMC,Rally Wagon 3500,1993,1G6AZ5S35E0204673
182,Frederik,Walsh,fwalsh51@yelp.com,Male,Land Rover,Range Rover,1993,5FRYD3H25GB707975
183,Wilfrid,Llorente,wllorente52@bing.com,Male,Kia,Sportage,2012,WBAEB5C56AC005771
184,Cherianne,Erskine,cerskine53@google.de,Female,Chrysler,LeBaron,1995,1G4HR54K834770523
185,Kara,Kiebes,kkiebes54@amazon.co.jp,Female,open,Element,2004,1G6YV36A265884169
186,Judi,Pietruszka,jpietruszka55@usgs.gov,Female,Mazda,MX-6,1992,3C63D2GL4CG015203
187,Ainsley,Largent,alargent56@nymag.com,Female,Ford,Taurus X,2009,JHMZE2H37DS973064
188,Justine,Bentick,jbentick57@delicious.com,Female,Suzuki,Grand Vitara,2000,WDDNG7DB9CA649208
189,Anna-diane,Doers,adoers58@naver.com,Female,Nissan,Pathfinder,1993,2C3CCARG0DH317972
190,Francisca,Liepina,fliepina59@chronoengine.com,Female,Kia,Rio,2004,3N1CN7AP8EL464511
191,Dre,Emnoney,demnoney5a@mit.edu,Female,Ford,F150,1984,1FTNF2A52AE525511
192,Melody,Clemmitt,mclemmitt5b@macromedia.com,Agender,Chevrolet,Tahoe,2001,1N6AF0LX1EN476177
193,Dory,Bloom,dbloom5c@whitehouse.gov,Male,Chevrolet,Silverado 2500,2008,1GYFC232X9R696881
194,Siusan,Willbraham,swillbraham5d@tuttocitta.it,Female,Chevrolet,Malibu,2001,5GADV33177D699088
195,Zenia,Tourne,ztourne5e@1und1.de,Female,Daewoo,Lanos,1999,WBAAV53461F692908
196,Andy,Lyall,alyall5f@google.pl,Male,Lexus,GS,2011,1G4HR57Y67U474258
197,Carline,Varsey,cvarsey5g@ezinearticles.com,Female,Mazda,CX-7,2009,5GAKVCKD4FJ638249
198,Kaycee,Connikie,kconnikie5h@studiopress.com,Female,Mercedes-Benz,500SL,1992,JN8AF5MR2ET416733
199,Kathe,Sugarman,ksugarman5i@slideshare.net,Female,Ford,Mustang,1979,2G4GT5GX8F9784945
200,Lisa,Vanyushkin,lvanyushkin5j@arstechnica.com,Female,Kia,Soul,2011,4T1BK1EB8EU664626
201,Alan,Wiltshier,awiltshier5k@washington.edu,Male,Isuzu,Rodeo,1994,2G4GT5GX2F9706497
202,Brook,Pinson,bpinson5l@shareasale.com,Female,Mercury,Mystique,1999,1D7RB1GT8AS154751
203,Ernest,Rubinow,erubinow5m@tripod.com,Male,BMW,7 Series,1997,WAUAVAFD1BN875564
204,Cindelyn,Braddick,cbraddick5n@archive.org,Agender,Dodge,Grand Caravan,1993,3N6CM0KN2FK117474
205,Romeo,Townes,rtownes5o@altervista.org,Male,Saab,900,1992,JN1CV6APXDM777686
206,Russ,Labuschagne,rlabuschagne5p@imageshack.us,Male,Suzuki,Swift,1998,2G4WB52K021800400
207,Toma,Francie,tfrancie5q@nba.com,Female,Toyota,Camry,1999,WAULK98K89N278532
208,Jared,Fahy,jfahy5r@ebay.com,Genderfluid,Chrysler,Town & Country,1995,WBAPK5C55AA731612
209,Maurizia,Prahl,mprahl5s@newsvine.com,Female,GMC,Savana 2500,2005,1G6DW6ED5B0493050
210,Daphene,Reddecliffe,dreddecliffe5t@icio.us,Female,Saab,9-7X,2006,1D7RB1CP6AS795549
211,Phil,Lentsch,plentsch5u@upenn.edu,Male,Mazda,626,1986,WVWAW7AH9BV875079
212,Shara,Polden,spolden5v@ameblo.jp,Female,Ford,Taurus,2010,WBAFU9C55DD196880
213,Heidie,Chamney,hchamney5w@list-manage.com,Female,BMW,6 Series,2009,137ZA90341E650721
214,Paloma,Garaway,pgaraway5x@furl.net,Female,Chevrolet,Camaro,1993,5BZAF0AA0FN894216
215,Lola,Gartin,lgartin5y@bbc.co.uk,Polygender,Dodge,Durango,2007,1G6DA1ED7B0260997
216,Appolonia,Kitchingham,akitchingham5z@jigsy.com,Genderqueer,Hummer,H1,1993,5UXFA53552L843803
217,Randell,Acaster,racaster60@usa.gov,Male,Chrysler,LHS,1996,1B3CB8HB4AD907793
218,Jackqueline,Cheatle,jcheatle61@netvibes.com,Female,Mercedes-Benz,SLK55 AMG,2009,1J4RG4GK8AC815543
219,Kylila,Surmon,ksurmon62@altervista.org,Female,Ford,Econoline E150,1992,2C3CDXBG7DH236851
220,Egan,Timblett,etimblett63@blog.com,Male,Porsche,Boxster,2010,3VW4S7AT5EM208695
221,Jasmine,Audley,jaudley64@php.net,Female,Porsche,911,1995,5XYKT3A17BG817424
222,Ximenes,Pillman,xpillman65@jimdo.com,Male,Honda,S2000,2004,1G6DG8EG9A0622943
223,Tabina,Scarborough,tscarborough66@fda.gov,Female,Mitsubishi,Outlander,2009,JTHKD5BH4B2193837
224,Thomasine,Search,tsearch67@baidu.com,Female,Ford,E250,2006,WAUML54B54N695809
225,Alvis,Andresser,aandresser68@privacy.gov.au,Male,Toyota,Sienna,1998,1GYUKFEJ0AR599859
226,Genvieve,Lotherington,glotherington69@barnesandnoble.com,Genderqueer,Nissan,Xterra,2010,JM1NC2MF4E0176676
227,Garv,Silcocks,gsilcocks6a@arstechnica.com,Male,Mitsubishi,Eclipse,1994,1C3CCBBB9CN001173
228,Linc,Trevillion,ltrevillion6b@foxnews.com,Male,Jaguar,XJ Series,2001,5GAKRAKDXEJ531536
229,Phillis,Russel,prussel6c@dot.gov,Female,Ford,Bronco,1985,1G4GC5GR1DF443330
230,Yvor,Weippert,yweippert6d@weather.com,Male,Mitsubishi,Truck,1994,WAUGGAFC0DN085803
231,Vi,Chuck,vchuck6e@wsj.com,Female,Mitsubishi,Galant,2001,5J6TF1H56FL909265
232,Tamarah,Skune,tskune6f@mashable.com,Female,Nissan,Maxima,2008,SCFFDCCD9CG047460
233,Giacomo,Pirot,gpirot6g@mtv.com,Male,Lotus,Esprit,2002,5TDBM5G19CS459389
234,Hastings,Mosdell,hmosdell6h@123-reg.co.uk,Male,Acura,TL,1995,WA1EY94L37D939857
235,Dixie,Nanni,dnanni6i@uol.com.br,Female,Ford,Ranger,1995,1GYS3BEF6ER891322
236,Scarlet,Corns,scorns6j@discovery.com,Female,Panoz,Esperante,2008,WAUSF98E16A587594
237,Quintana,McGilmartin,qmcgilmartin6k@list-manage.com,Female,Jeep,Wrangler,1994,YV1960BWXA1581374
238,Bernette,Marshfield,bmarshfield6l@uol.com.br,Female,Land Rover,LR3,2009,WBA1F5C52EV105184
239,Cchaddie,Swinburne,cswinburne6m@artisteer.com,Male,Mercedes-Benz,CL-Class,2004,1D7RW3BK6BS006310
240,Romeo,Locock,rlocock6n@toplist.cz,Male,BMW,7 Series,1995,5BZAF0AA5EN797298
241,Kaitlynn,Standbridge,kstandbridge6o@example.com,Polygender,Nissan,Xterra,2007,WBAAZ33405K239745
242,Ellsworth,Matthaus,ematthaus6p@ted.com,Male,Mazda,Protege,1992,1FMJK1J55AE059024
243,Neron,Passy,npassy6q@msn.com,Male,Ford,E350,2005,WAUSH78E67A978515
244,Melloney,Hayball,mhayball6r@google.pl,Female,Honda,Civic,1999,2B3CL5CTXBH031389
245,Gertrud,Lacasa,glacasa6s@webs.com,Female,Audi,TT,2001,WA1EV94L47D363768
246,Emmery,Ridpath,eridpath6t@seattletimes.com,Male,Maybach,Landaulet,2010,1N4CL2APXBC951213
247,Rolph,Medler,rmedler6u@xrea.com,Male,Lincoln,Navigator,2008,3VW467AT0DM246290
248,Olav,Alanbrooke,oalanbrooke6v@umich.edu,Polygender,Toyota,4Runner,2006,19UUA75517A706735
249,Marcela,Bagwell,mbagwell6w@pbs.org,Female,Mazda,Mazda5,2010,1FA6P0G75E5004831
250,Brena,Voaden,bvoaden6x@uiuc.edu,Agender,Mercedes-Benz,C-Class,1998,SCFEDCAD5CG094869
251,Pammy,Haselup,phaselup6y@mozilla.com,Female,Mazda,B2500,2001,1C3CDFAA6ED888737
252,Ceil,Wims,cwims6z@shutterfly.com,Bigender,Mazda,RX-8,2004,WA1WKBFP6AA799714
253,Elicia,Schohier,eschohier70@flickr.com,Female,Chevrolet,Venture,2000,KNDPB3A26D7908315
254,Yelena,Gerriets,ygerriets71@home.pl,Bigender,BMW,X5 M,2011,3C6LD4BT8CG840728
255,Jerrold,Duckham,jduckham72@free.fr,Male,open,Colt Vista,1993,WAUXF98K79A381616
256,Darnall,Dudenie,ddudenie73@vimeo.com,Male,Isuzu,Ascender,2005,1D7RV1GT0BS541724
257,Alejandrina,Mariault,amariault74@exblog.jp,Female,Mitsubishi,Pajero,1987,3TMJU4GN1AM224099
258,Parrnell,Organ,porgan75@geocities.jp,Male,GMC,Safari,2004,SALCR2BG4FH125756
259,Broderic,Simonson,bsimonson76@storify.com,Male,Dodge,Ram 2500,1995,WBAAZ33473K831978
260,Gram,Dorrity,gdorrity77@economist.com,Male,Volkswagen,Passat,2007,3D7TT2CT7BG885758
261,Jayme,Kender,jkender78@nsw.gov.au,Male,Dodge,Stealth,1994,1VWAH7A34DC483721
262,Yelena,Farron,yfarron79@goo.ne.jp,Female,GMC,2500,1996,SCFEBBBKXBG162529
263,Basilius,Girodon,bgirodon7a@rakuten.co.jp,Male,Mazda,MX-6,1993,3C63DRML7CG868286
264,Elna,Ziebart,eziebart7b@comcast.net,Female,Volkswagen,Fox,1991,SALSF2D40DA867388
265,Sarina,Babidge,sbabidge7c@ed.gov,Female,Chevrolet,Express 2500,2005,3GYVKNEF4AG721231
266,Bennie,Nannizzi,bnannizzi7d@cornell.edu,Male,Ram,1500,2011,5XYKT3A18CG890335
267,Rey,Pitrollo,rpitrollo7e@trellian.com,Genderfluid,Suzuki,Grand Vitara,2009,WDDUG7GB4FA979835
268,Hazel,Mateuszczyk,hmateuszczyk7f@wunderground.com,Female,Toyota,4Runner,2012,19XFB4F29EE050088
269,Ugo,Edworthye,uedworthye7g@miibeian.gov.cn,Male,Ford,F-Series,1991,WVGAV7AX8BW848567
270,Thomas,Taysbil,ttaysbil7h@rediff.com,Male,Kia,Borrego,2009,1G6DK5EY3B0090841
271,Garrott,Fields,gfields7i@elpais.com,Male,Mazda,Mazda6,2011,WAUAF78E36A255950
272,Salaidh,Pinchin,spinchin7j@drupal.org,Female,Dodge,Charger,1970,5GAKVCKDXFJ910075
273,Mame,Curnnokk,mcurnnokk7k@google.co.uk,Female,Hyundai,Tiburon,1997,3C63D3CL9CG483634
274,Gay,Ikringill,gikringill7l@businessinsider.com,Male,Mercury,Grand Marquis,1994,WVGBF7A96AD037119
275,Lock,Cordingley,lcordingley7m@youku.com,Male,Oldsmobile,Aurora,1995,1C3BC4FB6BN943892
276,Cindie,Gabbott,cgabbott7n@dedecms.com,Female,Volkswagen,Eurovan,1994,1FTWW3B57AE930188
277,Kelley,Rabl,krabl7o@desdev.cn,Genderqueer,Mercedes-Benz,S-Class,1999,3VW4T7AT1EM122863
278,Elbert,Tuite,etuite7p@webeden.co.uk,Male,Pontiac,Grand Prix,1974,4A31K3DT5AE819527
279,Giraldo,Moorcraft,gmoorcraft7q@dion.ne.jp,Male,Mazda,Protege,1993,WBAWB33537P052041
280,Stern,Lockyer,slockyer7r@canalblog.com,Male,Isuzu,Rodeo,2003,1G4PR5SK2C4676801
281,Duff,Treweke,dtreweke7s@w3.org,Male,BMW,Z4,2012,1VWAP7A32EC228053
282,Lin,Broschek,lbroschek7t@linkedin.com,Female,Subaru,Legacy,2006,WAUKD98P17A404042
283,Vicki,Couldwell,vcouldwell7u@diigo.com,Female,Audi,Q7,2010,1N4AB7AP4DN469285
284,Terrijo,Dominik,tdominik7v@amazon.co.jp,Female,Audi,5000S,1987,WAUBVAFB5AN766803
285,Georgia,Tapping,gtapping7w@ycombinator.com,Female,Infiniti,QX,2003,JTHBE5C22D5516338
286,Iggy,Cawthorne,icawthorne7x@chicagotribune.com,Male,Mitsubishi,Pajero,1998,WBAWL7C51AP907962
287,Avril,Learmouth,alearmouth7y@mozilla.org,Agender,Cadillac,Escalade ESV,2010,WBAYP1C59ED330258
288,Edvard,Beldam,ebeldam7z@newyorker.com,Male,Studebaker,Avanti,1961,3C4PDCBB8DT002350
289,Etan,Trott,etrott80@chronoengine.com,Male,Chevrolet,Silverado 2500,2005,SCBCP73W58C447308
290,Teressa,Bateup,tbateup81@liveinternet.ru,Female,Toyota,Tundra,2001,1FTEX1CM4BK144581
291,Orazio,Josofovitz,ojosofovitz82@narod.ru,Male,Mazda,B-Series Plus,1997,19UUA8F22EA974605
292,Jemmie,Lampert,jlampert83@yahoo.co.jp,Female,Chevrolet,Blazer,1997,SCBCU7ZAXBC642803
293,Gregoire,Castiglioni,gcastiglioni84@umich.edu,Male,Nissan,350Z,2009,WAUHFAFL4BA519975
294,Daniela,Sirkett,dsirkett85@ustream.tv,Female,Mazda,Miata MX-5,2012,WAUHF68P56A787324
295,Hube,Libero,hlibero86@techcrunch.com,Male,Mitsubishi,Endeavor,2008,WAU32AFD7FN715034
296,Gabby,Foot,gfoot87@facebook.com,Male,Ford,E150,2011,KMHCT4AE3FU791739
297,Morty,Trippack,mtrippack88@prlog.org,Genderfluid,Mitsubishi,Montero,2005,JTDKDTB34F1219343
298,Darcey,Caldero,dcaldero89@tinypic.com,Female,Volvo,V70,2009,5J8TB18507A845160
299,Oswald,Ackerley,oackerley8a@auda.org.au,Male,Acura,TSX,2008,WBAFU7C51BD620962
300,Aland,Greenhead,agreenhead8b@prnewswire.com,Male,Subaru,Outback,2002,1HGCR2F39DA822555
301,Lorene,Rawsthorne,lrawsthorne8c@census.gov,Female,Volkswagen,Golf,2012,JN1AY1AP5CM615982
302,Igor,Clapison,iclapison8d@shutterfly.com,Male,Audi,S4,2000,WBAEN33492P967446
303,Levy,Napolione,lnapolione8e@list-manage.com,Male,Dodge,Colt,1993,1G6AK5SXXD0257598
304,Margarete,Rubrow,mrubrow8f@phoca.cz,Female,Mercedes-Benz,E-Class,1997,3C63D3HL7CG919745
305,Oates,Harriday,oharriday8g@rambler.ru,Male,Land Rover,Discovery,1997,WA1CMAFE2CD114339
306,Frazier,Arnaldo,farnaldo8h@sphinn.com,Male,Volkswagen,Fox,1992,4T1BK1EB3EU041995
307,Tamra,Writer,twriter8i@issuu.com,Female,Chrysler,Town & Country,1999,WBAPN73589A561051
308,Vanessa,Chawkley,vchawkley8j@paginegialle.it,Female,Hyundai,Accent,1998,1ZVBP8AM7E5329127
309,Conrade,Gibard,cgibard8k@issuu.com,Male,Mazda,MX-5,2011,5GAKRDKD2DJ089559
310,Becky,Meacher,bmeacher8l@dyndns.org,Female,Audi,TT,2001,19UUA56611A831320
311,Abran,Daybell,adaybell8m@yahoo.com,Male,Mitsubishi,Endeavor,2007,WBA6B4C50ED786642
312,Siusan,Narrie,snarrie8n@sun.com,Female,Nissan,Pathfinder,2005,WP0CA2A88BU866938
313,Neel,Grewes,ngrewes8o@loc.gov,Male,Jaguar,XJ,2008,5N1AR2MM3FC430451
314,Rhodie,Vidler,rvidler8p@mapy.cz,Female,Pontiac,LeMans,1967,WVWAB7AJ5CW561598
315,Gilles,Novotna,gnovotna8q@washingtonpost.com,Male,Maserati,Spyder,1990,1GYUKAEF2AR502532
316,Trent,Warnock,twarnock8r@dropbox.com,Male,BMW,M3,1995,WP0AB2A89CU713782
317,Josias,Freak,jfreak8s@businesswire.com,Male,Pontiac,Grand Prix,1995,WA1DGAFE1ED014764
318,Zandra,Stains,zstains8t@whitehouse.gov,Female,Lamborghini,Countach,1986,1GD020CG2CF509071
319,Virgil,Dwelly,vdwelly8u@bravesites.com,Male,Ford,Focus,2001,WAUKF98EX8A218378
320,Jillian,Coling,jcoling8v@nytimes.com,Female,Jeep,Liberty,2004,WAUAC48H23K699117
321,Lindsey,Peatheyjohns,lpeatheyjohns8w@miitbeian.gov.cn,Male,Volkswagen,Eos,2007,WDDNG7BB5BA916667
322,Rhodie,Petrello,rpetrello8x@uol.com.br,Female,Pontiac,G6,2006,1G6YV36A685362941
323,Andy,Hoyt,ahoyt8y@time.com,Female,Suzuki,Cultus,1985,19UUA66226A214261
324,Korey,Sole,ksole8z@sciencedirect.com,Male,Jaguar,XK Series,2000,5UXFG43579L914020
325,Doyle,Doram,ddoram90@cmu.edu,Male,Mercury,Sable,2003,1N6BF0KL1FN685780
326,Roselle,Crafts,rcrafts91@artisteer.com,Female,Infiniti,FX,2008,1G4HP57287U733785
327,Lenee,Klousner,lklousner92@cloudflare.com,Female,Lincoln,Continental,1986,1GYS4BEF3BR367442
328,Tyrus,Turrell,tturrell93@myspace.com,Male,Pontiac,Firebird,1998,JN1AZ4FHXFM253362
329,Sydney,Crook,scrook94@phpbb.com,Female,Ford,Econoline E250,1997,3TMJU4GN3AM839043
330,Carley,Briar,cbriar95@wufoo.com,Genderqueer,Dodge,Viper RT/10,1993,1FTEX1CM3DK561709
331,Lon,Dahlen,ldahlen96@guardian.co.uk,Male,Pontiac,Parisienne,1985,1FTWW3CY7AE849569
332,Giffer,Ridolfo,gridolfo97@chicagotribune.com,Male,Toyota,Solara,2004,JH4KB16648C515192
333,Lydon,Fleming,lfleming98@patch.com,Male,Acura,Integra,1988,JA4AP3AU3CZ336562
334,Elvyn,Crowcum,ecrowcum99@shutterfly.com,Male,Lotus,Esprit,2000,1G6DM57N140936769
335,Willow,Dominka,wdominka9a@engadget.com,Female,GMC,Savana,2006,JN8AE2KP9C9292263
336,Aube,Pailin,apailin9b@newyorker.com,Male,Mercedes-Benz,E-Class,2004,WUATNAFG4CN409511
337,Clarisse,Megroff,cmegroff9c@apache.org,Female,Chevrolet,Suburban 1500,1995,5J6TF3H34CL978722
338,Adan,Mochan,amochan9d@about.me,Female,Dodge,D250 Club,1993,JTDBT4K32B4319068
339,Jedidiah,Farrens,jfarrens9e@mozilla.com,Male,Dodge,Nitro,2011,1N6AA0CH6DN160666
340,Katya,Grassin,kgrassin9f@ca.gov,Female,Buick,Park Avenue,2000,KNDJT2A14B7241469
341,Prentice,Sedgefield,psedgefield9g@blogs.com,Male,Porsche,911,1991,5N1AA0NC3BN430448
342,Randa,Maclaine,rmaclaine9h@stanford.edu,Female,GMC,Jimmy,1997,WAUAH94F77N621312
343,Maire,Yeardsley,myeardsley9i@skype.com,Female,Ford,Thunderbird,1965,JN1BV7AP9FM300235
344,Trueman,Brunger,tbrunger9j@uiuc.edu,Male,Nissan,Sentra,1994,WBA3N9C55EF054437
345,Stan,O'Docherty,sodocherty9k@bravesites.com,Male,Mitsubishi,Expo,1993,19VDE2E54EE663954
346,Nickie,Whewill,nwhewill9l@flavors.me,Male,Mitsubishi,Space,1984,2HNYD2H20CH497103
347,Theresa,Widocks,twidocks9m@free.fr,Bigender,Lamborghini,Gallardo,2012,WAUEFBFL5DN344902
348,Malvin,Haggarth,mhaggarth9n@baidu.com,Male,Dodge,Dakota,1995,1GYS4AEF1CR430520
349,Marcela,Sitlinton,msitlinton9o@cnbc.com,Female,Scion,xD,2011,SCFEBBAC2AG927385
350,Salvidor,Renac,srenac9p@imgur.com,Agender,Mazda,Miata MX-5,2007,3D73M4CL8BG410161
351,Fidelia,Cavet,fcavet9q@angelfire.com,Female,Mazda,Miata MX-5,1994,4T1BF3EK3AU779287
352,Aldon,Antoniottii,aantoniottii9r@godaddy.com,Male,Ford,F350,2005,JTEBU5JR8E5542931
353,Prince,Hanny,phanny9s@multiply.com,Male,Kia,Optima,2009,JH4KB16587C753231
354,Fidela,Dooland,fdooland9t@digg.com,Female,Mazda,B-Series Plus,1993,2G4WE587471513269
355,Zackariah,Wattins,zwattins9u@51.la,Male,Mercury,Mountaineer,2004,WAU4FAFR1DA051189
356,Laverne,Sawbridge,lsawbridge9v@sogou.com,Female,Mazda,Protege,2003,WAUHFAFL6DA991145
357,Jacinda,Brockelsby,jbrockelsby9w@vinaora.com,Non-binary,Chrysler,Town & Country,1998,3VWF17AT3FM218168
358,Darb,Croote,dcroote9x@bing.com,Female,Chevrolet,Express,2007,WAUHF98P19A193450
359,Lemmy,Seeger,lseeger9y@hugedomains.com,Male,Lexus,GS,1996,WAUML64B13N529808
360,Aurore,Moryson,amoryson9z@berkeley.edu,Female,Cadillac,Seville,1998,WBA3C1C53CA781464
361,Penny,Matasov,pmatasova0@instagram.com,Female,Daewoo,Lanos,2001,WAUKG98E06A343688
362,Nikita,Poppleston,npopplestona1@wikia.com,Male,Dodge,Stealth,1992,KNAGM4AD6B5738688
363,Melitta,Hawkes,mhawkesa2@nps.gov,Female,Volkswagen,Golf,2005,1N4AL2AP7BN173903
364,Anastassia,MacGlory,amacglorya3@washingtonpost.com,Female,Aston Martin,Virage,2012,2HNYD18914H758747
365,Ber,Yardley,byardleya4@privacy.gov.au,Male,Buick,LeSabre,1997,WAULK78K49A898189
366,Barnard,Cleghorn,bcleghorna5@myspace.com,Male,Mercedes-Benz,SL-Class,2001,KNAGG4A85A5235520
367,Horacio,Ozintsev,hozintseva6@msu.edu,Male,Chevrolet,2500,1999,WUADUAFG0F7260515
368,Francois,Cull,fculla7@umn.edu,Male,Porsche,911,2008,2C3CCAJG5EH776136
369,Parker,LLelweln,pllelwelna8@feedburner.com,Male,Jeep,Grand Cherokee,2010,5GALVBED2AJ269975
370,Ebonee,Kovacs,ekovacsa9@reddit.com,Female,Dodge,Journey,2011,1G6DH5EG6A0853388
371,Boris,Stearndale,bstearndaleaa@fda.gov,Male,Saab,9-5,2003,WP0CA2A82BU713326
372,Moore,Broadis,mbroadisab@unc.edu,Male,Ford,Econoline E350,1993,1G6DG5E58C0986657
373,Cassondra,Mell,cmellac@eepurl.com,Female,Mazda,RX-7,1987,WAUUFAFH9AN135501
374,Emmott,Nordass,enordassad@networksolutions.com,Male,Infiniti,QX,2010,WDDGF5EB3AA537810
375,Anson,Arnolds,aarnoldsae@homestead.com,Male,Mercedes-Benz,Sprinter 3500,2012,WAUSH78E36A735744
376,Padriac,Jarville,pjarvilleaf@delicious.com,Male,Pontiac,Grand Am,1997,3FA6P0PU6FR156816
377,Rem,Fergusson,rfergussonag@360.cn,Male,BMW,X3,2010,1G6DN57PX90467753
378,Barnaby,Sherrell,bsherrellah@slashdot.org,Non-binary,Pontiac,Montana SV6,2005,WDDEJ7KB4DA402314
379,Gussy,Lissandri,glissandriai@uiuc.edu,Female,Dodge,Shadow,1992,1G6DC5EY3B0272309
380,Anjanette,Beaby,abeabyaj@newyorker.com,Female,Volkswagen,Golf,1987,WBA6B4C54ED637165
381,Tessie,Bowld,tbowldak@smugmug.com,Female,Honda,Civic,2003,JA32X2HU0DU428025
382,Eydie,Denley,edenleyal@dmoz.org,Non-binary,Ford,E-350 Super Duty Van,2006,WBAKA4C52CC881210
383,Leoline,Mc Caughen,lmccaughenam@hexun.com,Genderqueer,Mitsubishi,Outlander,2004,WAUBF78E17A519267
384,Georg,Figgins,gfigginsan@newyorker.com,Male,Studebaker,Avanti,1964,WAUGL68E95A667320
385,Randi,Ervin,rervinao@foxnews.com,Female,Suzuki,Kizashi,2010,JTDKN3DU2F0602108
386,Xena,Labba,xlabbaap@hostgator.com,Polygender,Dodge,Ram Wagon B150,1993,WBA6B2C59FG541309
387,Diannne,Arrol,darrolaq@infoseek.co.jp,Female,Toyota,FJ Cruiser,2010,5TDDK3DC8BS716873
388,Yvette,Tebald,ytebaldar@tumblr.com,Female,Bentley,Azure,2007,4JGCB2FB8AA662346
389,Matthieu,Andover,mandoveras@wordpress.com,Male,Oldsmobile,Silhouette,1996,JM1CR2W34A0380302
390,Delaney,Shelp,dshelpat@cbsnews.com,Agender,Pontiac,Vibe,2009,1G6DC67AX80411916
391,Sandye,Trahar,straharau@g.co,Genderqueer,Mercedes-Benz,GLK-Class,2011,JTDZN3EU1E3103844
392,Madelyn,Plunket,mplunketav@hhs.gov,Female,Dodge,Grand Caravan,2002,JTEBU5JR9F5358762
393,Fidelity,Warrior,fwarrioraw@umich.edu,Female,Hyundai,Elantra,1997,1D7RB1GT0AS997391
394,Dolores,Camies,dcamiesax@stumbleupon.com,Female,Ford,Explorer Sport,2002,ZHWGU5BZ5AL890806
395,Olimpia,Axby,oaxbyay@bbc.co.uk,Female,open,LX,2008,WBA3C3C55FK524011
396,Franciska,Pinchen,fpinchenaz@slate.com,Female,Buick,Riviera,1992,JN1BJ0HR0DM218532
397,Lezley,Galea,lgaleab0@economist.com,Male,Kia,Rio,2007,SCBLC47JX7C285960
398,Bobbie,Coalbran,bcoalbranb1@simplemachines.org,Female,Isuzu,Rodeo,1992,WVGEF9BP8ED252027
399,Elysia,Picopp,epicoppb2@cdc.gov,Female,Chevrolet,Equinox,2011,WBAUN93558V063783
400,Marv,Breukelman,mbreukelmanb3@reddit.com,Male,Lincoln,Mark VIII,1995,KNADH5A34A6207230
401,Maxy,Pfertner,mpfertnerb4@acquirethisname.com,Female,Mercury,Lynx,1984,WA1C8AFP4DA446260
402,Kerianne,Warriner,kwarrinerb5@webnode.com,Female,Audi,V8,1990,1G4GG5E38CF194753
403,Kristien,Ghiotto,kghiottob6@cnet.com,Female,Honda,Odyssey,2009,5N1AT2ML9FC016910
404,Rene,Eubank,reubankb7@edublogs.org,Male,Cadillac,Escalade EXT,2006,WBAVD33546K162811
405,Carly,Edward,cedwardb8@reverbnation.com,Female,Buick,Century,1989,KNADH5A32A6515416
406,Rockey,Grishelyov,rgrishelyovb9@latimes.com,Male,Toyota,MR2,1995,WBALZ5C53CC615066
407,Felizio,Martensen,fmartensenba@cnet.com,Male,Chevrolet,Tahoe,2001,3D7TT2CTXAG354245
408,Carlyle,Whitten,cwhittenbb@rambler.ru,Male,Lamborghini,Gallardo,2003,KMHHT6KD1AU566820
409,Franz,Chandlar,fchandlarbc@imgur.com,Bigender,Bentley,Mulsanne,2012,TRURD28N761087587
410,Wolfgang,Point,wpointbd@plala.or.jp,Male,Mazda,CX-7,2012,WBADN53481G788417
411,Pail,Maseres,pmaseresbe@miitbeian.gov.cn,Male,Buick,Electra,1986,SCBGT3ZA7FC229885
412,Demetrius,Gedling,dgedlingbf@msu.edu,Male,Cadillac,CTS,2005,WVWAB7AJ2DW748993
413,Nanine,Tidswell,ntidswellbg@elpais.com,Female,Pontiac,6000,1991,3N1CN7AP1EK773520
414,Boyd,Lear,blearbh@blinklist.com,Genderfluid,Dodge,Intrepid,2000,KMHHT6KD7DU782773
415,Dav,Le Maitre,dlemaitrebi@merriam-webster.com,Male,Dodge,Caravan,1994,1FMCU0C73AK113210
416,Malva,Drust,mdrustbj@digg.com,Female,Volkswagen,Jetta,2010,1C4NJPBA5DD259745
417,Lowrance,Bailles,lbaillesbk@howstuffworks.com,Male,Saab,900,1999,WAULH54B61N579950
418,Joanie,McAlees,jmcaleesbl@zimbio.com,Female,Nissan,Quest,1993,3VW1K7AJ8FM075398
419,Judd,Zima,jzimabm@cpanel.net,Male,MINI,Cooper,2004,5TDBK3EH1DS727671
420,Erasmus,Moncrieffe,emoncrieffebn@state.gov,Agender,Tesla,Roadster,2011,WA1CGAFE0ED359750
421,Cozmo,Tugman,ctugmanbo@cam.ac.uk,Male,Ford,F-Series Super Duty,2009,5GADV23167D123471
422,Broderick,Bes,bbesbp@clickbank.net,Male,Chevrolet,Corvette,1956,WBA3A5C57FF745037
423,Raimund,Gavaghan,rgavaghanbq@jalbum.net,Bigender,open,Mustang,1988,WAU4GAFB1BN994463
424,Fina,Schindler,fschindlerbr@theatlantic.com,Female,Honda,Passport,1998,WBANA535X5C142544
425,Chloette,Chidley,cchidleybs@simplemachines.org,Female,Suzuki,SJ,1994,JN1BJ0HP4DM825208
426,Thorn,Stather,tstatherbt@sciencedirect.com,Male,GMC,Savana 3500,2009,JTEBU5JR3C5074426
427,Stevana,Roadnight,sroadnightbu@altervista.org,Female,Nissan,Quest,1993,JH4DC53023C281267
428,Ileana,Pollastro,ipollastrobv@ocn.ne.jp,Bigender,Acura,MDX,2009,1N6AD0CU3FN514778
429,Elysha,Mishaw,emishawbw@acquirethisname.com,Female,Ford,E-Series,1988,WBALM7C56EE813674
430,Olly,O'Mara,oomarabx@aol.com,Male,Toyota,Celica,2003,1B3CB5HA5BD298446
431,Den,Vinden,dvindenby@japanpost.jp,Bigender,Pontiac,Tempest,1967,3C63D3GL4CG966734
432,Mohammed,Spat,mspatbz@a8.net,Male,BMW,330,2006,WAUAT48H44K967215
433,Kira,Leer,kleerc0@businesswire.com,Female,Bentley,Mulsanne,2011,WBA4B3C56FD510128
434,Marco,Petrashov,mpetrashovc1@fotki.com,Male,Toyota,FJ Cruiser,2009,WBAYE4C53DD868265
435,Timmy,Vidyapin,tvidyapinc2@fotki.com,Male,Chevrolet,Monte Carlo,2002,1C3CDZCB9CN502990
436,Jordon,Annell,jannellc3@linkedin.com,Male,Lexus,LS,2005,WAUKF98E66A762759
437,Martino,Riches,mrichesc4@slate.com,Male,Oldsmobile,Silhouette,1998,JTDZN3EU4D3820625
438,Glennis,Aves,gavesc5@goo.ne.jp,Female,Volkswagen,Scirocco,1987,1C4RDJDG2EC927788
439,Bambi,Ewbank,bewbankc6@java.com,Female,Mitsubishi,Galant,1987,JA32X2HU6BU309151
440,Gretna,Togwell,gtogwellc7@army.mil,Female,Mitsubishi,Lancer,2004,3VW4A7AT1CM062876
441,Leicester,Danilevich,ldanilevichc8@ning.com,Male,Cadillac,STS-V,2009,WBAUN7C57CV113161
442,Buffy,McCheyne,bmccheynec9@slashdot.org,Female,Toyota,Paseo,1993,WAUDF98E68A938818
443,Emilio,Stuckow,estuckowca@phoca.cz,Male,Dodge,Magnum,2007,WBANE535X6B176804
444,Martelle,Valasek,mvalasekcb@mapquest.com,Female,Ford,Explorer Sport,2001,3D7LP2ET3AG478505
445,Cathie,Charnick,ccharnickcc@hud.gov,Female,Chevrolet,Uplander,2005,SCBCP7ZA7AC058400
446,Rozalin,Naish,rnaishcd@si.edu,Female,Dodge,Caravan,1985,SCBLC47J98C770754
447,Marilin,Hansbury,mhansburyce@webnode.com,Female,Jeep,Wrangler,2001,WBAPM73589E626170
448,Aleda,Hassard,ahassardcf@eventbrite.com,Female,Audi,200,1990,YV4902BZ8D1660783
449,Charlot,Wesker,cweskercg@marriott.com,Female,Mazda,Miata MX-5,1994,1FTMF1E83AK670665
450,Brittney,Millichip,bmillichipch@digg.com,Agender,Ford,F-Series,1996,SCBLF44J98C521656
451,Shelby,Righy,srighyci@ning.com,Male,Lotus,Esprit,1991,1GD21ZCG5BZ956748
452,Sam,Cadigan,scadigancj@reverbnation.com,Female,Volkswagen,Phaeton,2005,1FTKR1AD2BP078907
453,Cullin,Enticott,centicottck@cpanel.net,Male,Cadillac,CTS-V,2007,WBANE73526C717365
454,Shela,Jindracek,sjindracekcl@va.gov,Female,Jaguar,XJ Series,1999,WVGEF9BP2DD359251
455,Kimble,Steffan,ksteffancm@squarespace.com,Male,Isuzu,Hombre,1996,WBAAV33451E877008
456,Godart,Baldcock,gbaldcockcn@gov.uk,Male,Land Rover,Range Rover Classic,1993,WAUWGAFC8DN973503
457,Kelcey,Marlor,kmarlorco@latimes.com,Female,Mercedes-Benz,C-Class,1999,WAUUL78E47A208465
458,Thor,Boik,tboikcp@altervista.org,Male,Toyota,Avalon,2007,SCFEBBAK9BG802960
459,Niel,Domenichini,ndomenichinicq@nifty.com,Male,Land Rover,Sterling,1991,WVGAV3AX6DW818222
460,Jordan,Borthwick,jborthwickcr@123-reg.co.uk,Male,Oldsmobile,LSS,1999,WAUMGAFL2AA683154
461,Ly,Mandal,lmandalcs@gov.uk,Male,Ford,Five Hundred,2006,1GYEC63868R937275
462,Eward,Eim,eeimct@hud.gov,Male,Lexus,IS,2009,1G6DF5E52C0293716
463,Aharon,Gallardo,agallardocu@wunderground.com,Male,Mitsubishi,GTO,1999,1N6AD0CW3FN017778
464,Gilbert,Goley,ggoleycv@vinaora.com,Male,Volkswagen,GTI,1987,WAUWG94F09N049611
465,Janet,Odams,jodamscw@huffingtonpost.com,Bigender,Toyota,Avalon,1999,4T1BF1FK9CU239108
466,Stearn,Lapenna,slapennacx@mapquest.com,Male,GMC,Savana,2011,2G61V5S30D9177480
467,Brandon,Adriaan,badriaancy@google.nl,Male,Toyota,4Runner,2004,JH4CU2E61AC629646
468,Murry,Bosch,mboschcz@behance.net,Male,Mazda,CX-9,2012,1GYS3FEJ5DR975867
469,Walt,Carreyette,wcarreyetted0@wired.com,Male,Volkswagen,Cabriolet,2000,1GYS3CEF2CR480230
470,Brit,Nozzolii,bnozzoliid1@ucoz.com,Male,Nissan,Maxima,1997,JTEBC3EH4D2114590
471,Scarlett,Allans,sallansd2@bizjournals.com,Female,Pontiac,Vibe,2009,1G4HG5EM8AU124613
472,Joli,Marsy,jmarsyd3@about.me,Female,Hyundai,Equus,2012,JN1AY1AP0CM633595
473,Padraig,Worman,pwormand4@amazon.com,Male,Ford,F-Series,2009,SALWR2TF7FA662052
474,Lawton,Lefwich,llefwichd5@theglobeandmail.com,Male,Nissan,Maxima,2007,1D7RE3GK5AS359468
475,Dyanne,Crennan,dcrennand6@sitemeter.com,Female,Subaru,Justy,1991,4JGDF2EE5DA863243
476,Augustus,Whitcomb,awhitcombd7@dailymail.co.uk,Male,Chevrolet,Impala,2002,JTHBE5C29D5047989
477,Drusie,Penniall,dpennialld8@walmart.com,Female,Toyota,Tercel,1996,3D7JB1EKXBG887206
478,Giraldo,Hugnot,ghugnotd9@fc2.com,Male,Mercury,Topaz,1985,JTHKD5BH5C2734489
479,Danya,Deakes,ddeakesda@yelp.com,Male,GMC,Suburban 2500,1993,19UUA8F2XAA583065
480,Seana,Dunsire,sdunsiredb@posterous.com,Female,Toyota,Matrix,2004,1HGCR2E3XDA367989
481,Malcolm,Frostick,mfrostickdc@google.com.hk,Genderfluid,Ford,Ranger,1987,2C3CDZFJ1FH399919
482,Elfrieda,Janos,ejanosdd@g.co,Female,Oldsmobile,Aurora,2003,WAUGGBFC9CN006097
483,Lanie,Sangar,lsangarde@clickbank.net,Female,Plymouth,Breeze,1997,WAUKF98E17A336415
484,Robinett,Sydes,rsydesdf@economist.com,Female,Ford,Aerostar,1988,3N1CE2CP9FL546393
485,Bev,Simson,bsimsondg@csmonitor.com,Male,Chevrolet,Camaro,1985,JN1CV6EKXDM029230
486,Ermentrude,Hurdman,ehurdmandh@ucoz.ru,Female,Chevrolet,Camaro,1997,WA1CFBFP2DA314612
487,Fowler,Lobbe,flobbedi@blogtalkradio.com,Agender,Suzuki,Esteem,1996,JTEBU5JR9C5401783
488,Susanetta,Maris,smarisdj@nature.com,Polygender,Buick,Rendezvous,2006,WBA3G7C58FK617438
489,Gayler,Downey,gdowneydk@bbc.co.uk,Male,Acura,TL,2010,SCFEBBBK6BG421212
490,Manuel,Irons,mironsdl@hhs.gov,Male,Mercedes-Benz,GL-Class,2011,19XFB2E2XCE945642
491,Archaimbaud,Tift,atiftdm@dailymail.co.uk,Male,Lexus,LX,1998,JTMHY7AJ5B4931701
492,Betsy,Widdup,bwiddupdn@patch.com,Female,Cadillac,XLR,2009,NM0KS7AN2AT812726
493,Domingo,MacAskill,dmacaskilldo@huffingtonpost.com,Male,Chevrolet,Sportvan G30,1993,1G6DV5EP6D0755507
494,Jarrod,Grafham,jgrafhamdp@usnews.com,Male,Dodge,Ram 1500 Club,2001,1GTN1TEH9FZ494477
495,Carlie,Rowaszkiewicz,crowaszkiewiczdq@sohu.com,Female,Audi,Q5,2012,SAJWA6BU9F8286470
496,Carce,Swatheridge,cswatheridgedr@joomla.org,Male,Mercedes-Benz,G-Class,2008,WAUVT68E95A079411
497,Evelyn,Pickerin,epickerinds@ucla.edu,Female,Ford,LTD Crown Victoria,1987,WAUMGAFL7EA297609
498,Modesta,Fillgate,mfillgatedt@berkeley.edu,Female,Mercedes-Benz,SL-Class,1998,1GD12ZCG2BF837615
499,Ethelda,Marflitt,emarflittdu@storify.com,Female,Jeep,Grand Cherokee,1995,JM1NC2EFXA0430562
500,Eleanor,Olsen,eolsendv@purevolume.com,Female,BMW,X6 M,2012,WBAEV33444P157046
501,Raffarty,Drackford,rdrackforddw@shinystat.com,Male,Audi,S5,2008,2T1BPRHE5FC944464
502,Staci,Tunbridge,stunbridgedx@wikia.com,Female,Nissan,Murano,2009,WDDHF5KB0FB235675
503,Eli,Pippard,epipparddy@earthlink.net,Male,Nissan,Sentra,2007,4T3BA3BB2CU501087
504,Allsun,Lett,alettdz@ebay.com,Female,Pontiac,Grand Prix,1999,JN1AZ4EH7FM512472
505,Carine,Hiscocks,chiscockse0@surveymonkey.com,Female,Ford,Freestyle,2005,WAUDGAFL0DA084337
506,Mic,McGillicuddy,mmcgillicuddye1@auda.org.au,Male,Mercedes-Benz,E-Class,2008,19UUA8F38DA364487
507,Any,Hindge,ahindgee2@baidu.com,Male,Land Rover,Freelander,2003,3N1CN7AP7EK138625
508,Emalia,Eddow,eeddowe3@creativecommons.org,Female,Isuzu,Axiom,2002,3D7TT2CT5BG631773
509,Amitie,Tilston,atilstone4@hatena.ne.jp,Female,Chrysler,Aspen,2008,WAUBFCFL9CA853096
510,Erhard,Hurl,ehurle5@huffingtonpost.com,Male,Jeep,Compass,2007,WBAGN63585D819698
511,Kaitlynn,Tirkin,ktirkine6@google.ca,Female,Mazda,MX-5,2011,SCBCU7ZA0BC436793
512,Ransom,Fairham,rfairhame7@ca.gov,Male,Ford,F150,1992,SCFBB04B78G906116
513,Binnie,Messenger,bmessengere8@wikispaces.com,Female,Mercury,Sable,1997,5TDDK3DC3DS527972
514,Izzy,Weymouth,iweymouthe9@japanpost.jp,Male,Mercedes-Benz,CLS-Class,2006,1N6AA0CJ6DN998876
515,Caz,Alben,calbenea@wired.com,Male,Lotus,Exige,2008,WBA3A9G53DN274718
516,Darrel,Ambrogelli,dambrogellieb@cafepress.com,Male,Ford,Explorer Sport Trac,2006,1G6DJ1ED3B0711925
517,Emlyn,Hullins,ehullinsec@yolasite.com,Female,Nissan,Quest,2000,JH4KC1F9XEC691277
518,Reinhard,Mallaby,rmallabyed@rambler.ru,Male,Buick,Regal,1993,3D73Y3HL4AG207810
519,Sharleen,Hawkridge,shawkridgeee@usa.gov,Female,Buick,Enclave,2010,ZFBCFADH8FZ783934
520,Borden,Rudall,brudallef@icio.us,Male,Chevrolet,Corvette,1965,1FTSW2B59AE581947
521,Addison,Castanie,acastanieeg@sitemeter.com,Genderqueer,Lamborghini,Murciélago LP640,2008,KL4CJGSB7FB722560
522,Paten,Revell,prevelleh@angelfire.com,Male,Mitsubishi,Sigma,1990,JHMGE8G3XDC758834
523,Amelina,Ricardin,aricardinei@apple.com,Female,Dodge,Viper RT/10,1993,1GYFC26299R139360
524,Shelley,Sollom,ssollomej@china.com.cn,Female,Chevrolet,Colorado,2007,1GYUCDEF1AR647978
525,Rikki,Kingcott,rkingcottek@cnbc.com,Male,GMC,Envoy XL,2003,1G6AM5SX9E0168231
526,Lemar,Batter,lbatterel@altervista.org,Male,Saturn,Ion,2003,WAUHF98P99A062377
527,Zeke,Sharrem,zsharremem@army.mil,Male,Lincoln,MKS,2012,2HNYD28249H312625
528,Dory,McCarrell,dmccarrellen@sfgate.com,Male,Subaru,Leone,1989,JN8AE2KP8F9379866
529,Jeff,Balls,jballseo@topsy.com,Male,Volkswagen,Jetta,1995,1G6AA5RX9F0368722
530,Gerard,Matthiesen,gmatthiesenep@independent.co.uk,Male,Ford,Edge,2012,WBSBR93482E642840
531,Garvy,Linfield,glinfieldeq@earthlink.net,Genderfluid,Audi,90,1989,JN1BY1AR9FM919746
532,Annetta,Ovendon,aovendoner@dedecms.com,Female,Saab,9000,1986,JTJYWRBZXF2248560
533,Hunter,Munnery,hmunneryes@twitpic.com,Male,Scion,tC,2013,WAUEH98E26A453166
534,Keri,McPhail,kmcphailet@senate.gov,Female,Audi,A8,2003,2HKRM3H38FH161073
535,Alan,Fairholme,afairholmeeu@vkontakte.ru,Male,Dodge,D150,1992,1GYUCHEF9AR401350
536,Elaine,Vaune,evauneev@4shared.com,Female,Mitsubishi,Challenger,2002,JN1AV7AR8FM276166
537,Kele,Itzkovitch,kitzkovitchew@fastcompany.com,Male,Acura,MDX,2010,SCBCR73W07C835507
538,Aime,Whitecross,awhitecrossex@globo.com,Female,Plymouth,Reliant,1981,1GD312CG1CF912616
539,Tony,Houseman,thousemaney@hc360.com,Male,Chrysler,PT Cruiser,2008,3VW217AU2FM888785
540,Dexter,McCormack,dmccormackez@oakley.com,Male,Jeep,Liberty,2005,WBA3V7C50FP542260
541,Belvia,Dungee,bdungeef0@toplist.cz,Female,Pontiac,Sunfire,2004,1D7RW3GK9AS467671
542,Corey,Muccino,cmuccinof1@github.io,Genderfluid,Pontiac,GTO,2006,1FADP3E29FL059361
543,Skye,Dyerson,sdyersonf2@yale.edu,Male,Suzuki,Daewoo Magnus,2004,3D73M4HLXBG582720
544,Dorthea,Monget,dmongetf3@fc2.com,Polygender,open,Ranger,1986,19UUA9F23EA927024
545,Franny,Winspire,fwinspiref4@samsung.com,Non-binary,Ford,E250,2011,KNAFT4A2XC5658440
546,Karla,Passion,kpassionf5@apache.org,Female,GMC,Savana 2500,2012,TRUSC28N741520374
547,Halimeda,Bozworth,hbozworthf6@tripod.com,Female,Ford,Escort,2002,WBANV13579B831613
548,Batholomew,Hargerie,bhargerief7@adobe.com,Non-binary,Audi,R8,2009,WDDEJ9EB4EA828030
549,Guillermo,Casserley,gcasserleyf8@friendfeed.com,Male,Volkswagen,Eurovan,2001,WA1LMBFE7FD760695
550,Flor,Einchcombe,feinchcombef9@t-online.de,Female,Subaru,Leone,1988,WBALM7C58AE007653
551,Rolf,Leads,rleadsfa@tuttocitta.it,Male,Lexus,GS,2013,1FTSW2B52AE930236
552,Phineas,Deplacido,pdeplacidofb@geocities.com,Male,Mazda,Millenia,1995,YV4952CT1E1515856
553,Fiann,Slade,fsladefc@telegraph.co.uk,Genderfluid,Mercedes-Benz,CLK-Class,2009,2G4WC582461602333
554,Hermine,Denisot,hdenisotfd@bloglovin.com,Female,Cadillac,CTS,2003,JN1CV6FE9AM298551
555,Shana,Dederick,sdederickfe@japanpost.jp,Female,Volkswagen,Eos,2007,WA1BY74L38D274760
556,Raleigh,Double,rdoubleff@cafepress.com,Bigender,Mitsubishi,Montero Sport,2000,WBXPC93467W786440
557,Kelcie,Harewood,kharewoodfg@cnet.com,Female,Dodge,Ram Van B250,1992,WAUEG78EX6A036532
558,Evelin,Crumpton,ecrumptonfh@slashdot.org,Male,Ford,Econoline E250,1992,1N6AA0CCXCN560362
559,Robers,Lyfe,rlyfefi@msn.com,Male,Chevrolet,Malibu,2010,5UXWX5C51CL804822
560,Maurits,Walrond,mwalrondfj@bbc.co.uk,Male,Ford,Explorer Sport Trac,2008,WBAEW53465P228578
561,Gannon,Witcombe,gwitcombefk@mapy.cz,Male,Mercury,Milan,2007,KNADH5A35A6616417
562,Barrie,Oliff,bolifffl@hp.com,Male,Toyota,RAV4,2010,19XFA1E32AE759127
563,Noby,Erbe,nerbefm@slideshare.net,Male,Acura,Vigor,1992,1N6BF0KL6FN141694
564,Julianne,Fairs,jfairsfn@simplemachines.org,Female,Jaguar,S-Type,2004,KL4CJCSB5DB591229
565,Merrick,Arrol,marrolfo@jimdo.com,Male,Hyundai,Tiburon,2000,JTEBU4BF0CK901573
566,Dora,Hails,dhailsfp@godaddy.com,Female,Acura,Integra,1998,KNDJT2A52C7853822
567,Inglebert,Erbain,ierbainfq@blogtalkradio.com,Male,Mercury,Mystique,1996,WVGAV3AX5DW942479
568,Berny,Casillas,bcasillasfr@examiner.com,Female,GMC,Sierra,2011,WAUEF78E76A443808
569,Tilly,Haveline,thavelinefs@phpbb.com,Female,Honda,CR-V,2005,2C4RDGCG6FR799715
570,Niall,Gracewood,ngracewoodft@indiegogo.com,Male,Nissan,240SX,1996,WVWBB7AJ0DW716807
571,Nigel,Schroeder,nschroederfu@furl.net,Male,Pontiac,GTO,1971,1FTNX2A54AE246008
572,Chelsae,Lockie,clockiefv@liveinternet.ru,Female,Cadillac,DTS,2007,1N6AD0CW3FN727862
573,Caryl,Clemenzo,cclemenzofw@dot.gov,Female,Audi,A4,2007,1GYUCHEF0AR252522
574,Fanechka,Catenot,fcatenotfx@mlb.com,Female,Toyota,Previa,1995,WAUSF78E18A315117
575,Coretta,Haddock,chaddockfy@chron.com,Female,Volvo,S60,2004,JN1CV6AP2CM790575
576,Jamill,Michel,jmichelfz@senate.gov,Male,GMC,Vandura 1500,1994,3D7TP2CT7AG180199
577,Galvin,Smethurst,gsmethurstg0@tinyurl.com,Male,Ford,Tempo,1989,WDDGF4HB3ER575230
578,Nikki,Mattin,nmatting1@tuttocitta.it,Polygender,Honda,Civic,2011,5GAKRDKD6DJ784045
579,Ruthe,Hesbrook,rhesbrookg2@geocities.com,Female,Lamborghini,Reventón,2008,2GKALMEK4F6438098
580,Christa,Sertin,cserting3@java.com,Female,Mazda,Millenia,2000,JHMFA3F27BS838937
581,Jecho,Dumini,jduminig4@dion.ne.jp,Male,Chevrolet,Tahoe,2003,WBAFU9C52BC201620
582,Hasty,Hoffman,hhoffmang5@java.com,Male,Mercedes-Benz,500SL,1992,2G4GK5EXXE9788273
583,Brenden,Beedle,bbeedleg6@cnet.com,Male,Chrysler,Concorde,1994,WBSKG9C54CE251331
584,Launce,Scutter,lscutterg7@vinaora.com,Male,Dodge,Intrepid,1998,WP0CA2A81DK023968
585,Inesita,Heaselgrave,iheaselgraveg8@nyu.edu,Female,Lexus,RX,2011,1G6AC1RX9F0843675
586,Rees,Paaso,rpaasog9@uol.com.br,Male,Suzuki,SX4,2011,SCBCU8ZA7AC674693
587,Shellysheldon,Owbrick,sowbrickga@jalbum.net,Male,Jeep,Compass,2010,1G6AK5SX0D0882947
588,Adham,Spalls,aspallsgb@pinterest.com,Male,Chrysler,300,2011,WBAFR9C52BC672586
589,Madel,Ivanishchev,mivanishchevgc@dailymotion.com,Female,Lincoln,LS,2001,WBAPN7C56BF027801
590,Aloin,Greendale,agreendalegd@admin.ch,Male,Infiniti,QX,2006,WAUAFAFH5DN997282
591,Frank,Talkington,ftalkingtonge@plala.or.jp,Male,Audi,S4,2011,WBALM53569E042949
592,Orton,Aleshintsev,oaleshintsevgf@cdbaby.com,Male,Chevrolet,Express,2011,WAUSF78K99A875880
593,Gavan,Cokayne,gcokaynegg@si.edu,Male,Cadillac,Seville,1998,1GT022CG8EF932322
594,Lily,Botger,lbotgergh@angelfire.com,Female,Chevrolet,Suburban 2500,2003,JN1BY1ARXFM877345
595,Kevon,Longea,klongeagi@amazon.co.uk,Male,Dodge,Charger,1999,KNAGM4AD2C5504288
596,Kendal,Carrett,kcarrettgj@arizona.edu,Male,Chevrolet,Express 2500,1999,WA1VMBFE3AD884089
597,Faythe,Hilbourne,fhilbournegk@ihg.com,Female,Lexus,RX Hybrid,2006,1GD22ZCG4DZ217337
598,Ronda,Bavage,rbavagegl@google.com.au,Female,Hyundai,Accent,2006,1B3CB3HA9BD507739
599,Jacob,Casewell,jcasewellgm@creativecommons.org,Male,Oldsmobile,98,1993,WBAPL3C50AA543078
600,Renee,Studeart,rstudeartgn@youku.com,Female,Lincoln,MKX,2009,WAU2MAFC9FN650488
601,Brendan,Hinnerk,bhinnerkgo@state.tx.us,Male,Dodge,Viper,1996,WAUDGBFL3BA447135
602,Willi,Garcia,wgarciagp@miitbeian.gov.cn,Female,Volkswagen,Jetta,1986,JN1AV7AP7FM496509
603,Garv,Gretton,ggrettongq@artisteer.com,Male,Saab,9-7X,2005,WBADN53462G752064
604,Ariel,Henriquet,ahenriquetgr@nytimes.com,Male,Chevrolet,Express 3500,2002,1G6AB5SX6E0257034
605,Romain,Risbridger,rrisbridgergs@mozilla.org,Male,Ford,LTD Crown Victoria,1986,1C3BCBGG8EN146272
606,Rich,Checci,rcheccigt@comcast.net,Male,Ford,Mustang,1972,KNADM4A30C6536242
607,Cart,Jans,cjansgu@linkedin.com,Male,Lexus,LS,1994,1G6AZ5SX0E0493299
608,Belita,Darnell,bdarnellgv@thetimes.co.uk,Female,Mitsubishi,Chariot,1992,1G6DU6EA4A0362315
609,Brianna,Lawleff,blawleffgw@unc.edu,Female,BMW,3 Series,1998,SCFAD01E79G289273
610,Linzy,California,lcaliforniagx@nps.gov,Female,Chevrolet,Camaro,1996,1GYS4LKJ4FR203976
611,Justen,McCarly,jmccarlygy@webnode.com,Male,BMW,6 Series,2007,KMHGH4JH6FU355707
612,Sharon,Boecke,sboeckegz@time.com,Female,GMC,Suburban 2500,1996,SALVP2BG6FH026841
613,Christian,Vearncomb,cvearncombh0@symantec.com,Female,Chevrolet,Camaro,1975,JH4CU26699C806230
614,Shadow,Kasper,skasperh1@simplemachines.org,Male,Volvo,C30,2013,3GYEK62877G719333
615,Angelo,Bourthouloume,abourthouloumeh2@miitbeian.gov.cn,Male,Chevrolet,Caprice,1983,WAURV78T58A003737
616,Carolynn,Hallgate,challgateh3@disqus.com,Female,Hyundai,Tiburon,2009,WBAFA53571L186404
617,Tremayne,Moreinis,tmoreinish4@skyrock.com,Male,Nissan,Sentra,1999,WAUDF48H48K083527
618,Casar,Whithorn,cwhithornh5@howstuffworks.com,Male,Saturn,S-Series,1999,2G4WN58C291192963
619,Tedie,Silberschatz,tsilberschatzh6@cloudflare.com,Male,Toyota,Camry Hybrid,2008,JHMGE8G34BS357010
620,Adan,Dingle,adingleh7@senate.gov,Female,Toyota,Yaris,2012,1FAHP3GN5AW044338
621,Evvy,Abrashkin,eabrashkinh8@altervista.org,Female,Dodge,Nitro,2011,WBAWV13508P363942
622,Rudolf,Jozaitis,rjozaitish9@jiathis.com,Genderqueer,Nissan,300ZX,1992,JN1AZ4EH3CM695378
623,Walton,Underdown,wunderdownha@wufoo.com,Male,Toyota,Celica,1982,WAUEF98E56A286744
624,Reece,McVie,rmcviehb@freewebs.com,Male,Chevrolet,Tracker,2004,WBAYE4C52FD600892
625,Elna,Halpin,ehalpinhc@deliciousdays.com,Female,Suzuki,Reno,2008,3FAHP0DC8AR194724
626,Court,Ivanchenkov,civanchenkovhd@google.it,Male,Lexus,LFA,2012,JHMZE2H33CS673830
627,Tonia,Cowey,tcoweyhe@4shared.com,Non-binary,Mazda,Mazdaspeed 3,2011,1GTN1TEXXDZ854067
628,Efrem,Bernetti,ebernettihf@ning.com,Male,Subaru,Outback,2009,3D7TP2HT6AG833968
629,Alfy,Luckings,aluckingshg@hhs.gov,Male,Ford,Windstar,1999,1C4AJWAG6FL281793
630,Vittorio,Stairs,vstairshh@imgur.com,Male,Jeep,Grand Cherokee,2009,1N6AF0LXXEN209197
631,Janenna,Gaukroger,jgaukrogerhi@php.net,Female,Mitsubishi,Lancer,2008,JTEBU4BF9EK010006
632,Corri,Jirak,cjirakhj@dot.gov,Female,Lexus,LS,2006,WAUSGAFB2AN267273
633,Claribel,Grogor,cgrogorhk@example.com,Female,Toyota,Sequoia,2010,5FRYD4H92GB616858
634,Reggis,Tilford,rtilfordhl@ocn.ne.jp,Male,Volvo,S90,1998,1GYUKKEF9AR335592
635,Jennette,Corneil,jcorneilhm@alexa.com,Female,Maserati,GranTurismo,2008,WAUMR44E06N325762
636,Ardyth,Clair,aclairhn@liveinternet.ru,Female,Mitsubishi,Montero,2005,WAUDH94F67N589319
637,Raphael,Wildash,rwildashho@economist.com,Male,Mazda,626,1983,JN1CV6EK6CM740356
638,Enrique,McGilben,emcgilbenhp@delicious.com,Male,Daewoo,Lanos,2000,1G6DK5ED6B0858499
639,Michel,Ferrettino,mferrettinohq@xrea.com,Female,Volvo,XC90,2004,1N4AB7AP0EN923663
640,Javier,Toffoletto,jtoffolettohr@sogou.com,Polygender,Mercury,Mariner,2007,WAUEH54B61N057280
641,Thaxter,Theriot,ttherioths@goo.ne.jp,Male,Buick,Skyhawk,1986,5N1BA0ND7FN574796
642,Daven,Dany,ddanyht@yale.edu,Male,Acura,RDX,2008,WBABW33464P760855
643,Konrad,Roaf,kroafhu@reuters.com,Male,Dodge,Charger,2011,WDDHF5KB2EA552443
644,Brigitte,Lamdin,blamdinhv@tamu.edu,Female,Jaguar,X-Type,2003,WAUAH94F47N552126
645,Courtnay,Ternault,cternaulthw@vk.com,Female,Mercury,Sable,1988,YV4960BZ2A1950029
646,Alanah,Chominski,achominskihx@lulu.com,Female,Cadillac,Seville,2003,WVGAV7AX5FW784901
647,Legra,Frisby,lfrisbyhy@sohu.com,Female,Suzuki,Sidekick,1990,SCBGR3ZA8DC763747
648,Alva,Meugens,ameugenshz@networksolutions.com,Male,Ford,E-Series,2004,WA1WMBFE6DD099512
649,Felecia,Kahan,fkahani0@amazon.co.uk,Female,Volkswagen,Scirocco,1986,JTDKN3DP5C3264322
650,Muffin,Kasman,mkasmani1@clickbank.net,Female,BMW,M3,2006,JTHBC1KS6A5253153
651,Karalynn,Battison,kbattisoni2@cdbaby.com,Female,Pontiac,Sunbird,1987,1C6RD7FP0CS569066
652,Bernadina,Burnyeat,bburnyeati3@hc360.com,Female,Geo,Prizm,1992,1G4GA5ER6CF019374
653,Aristotle,Folling,afollingi4@google.com.br,Male,Volvo,XC60,2009,19UUA65515A140003
654,Avis,Gritsunov,agritsunovi5@youtu.be,Female,Ford,Probe,1989,KNAFK4A69F5110049
655,Hubie,Reith,hreithi6@forbes.com,Male,Pontiac,Firebird Formula,1999,1N6AF0KY0FN260039
656,Dixie,Rottery,drotteryi7@soup.io,Female,Buick,Century,1999,1G6AB5SX1D0063090
657,Norean,Cabel,ncabeli8@wunderground.com,Agender,Chevrolet,Suburban,2010,1G4HP52K05U338763
658,Bartram,Gallanders,bgallandersi9@prlog.org,Male,Audi,R8,2012,1N6AA0CJ5EN502063
659,Sadie,Matfield,smatfieldia@independent.co.uk,Female,Subaru,Tribeca,2006,WBAFR7C55DD636151
660,Ransell,Lonsdale,rlonsdaleib@apache.org,Male,Ford,Escape,2006,1G6DK5E35C0161477
661,Gardie,Brotherhood,gbrotherhoodic@si.edu,Male,Honda,CR-V,1998,5UXFA93596L883198
662,Conn,Dionis,cdionisid@yale.edu,Male,GMC,2500 Club Coupe,1997,5UXFB93523L177683
663,Alexine,Odell,aodellie@fema.gov,Female,Ford,F150,1984,W04GY5GV7B1313494
664,Randi,Massel,rmasselif@squidoo.com,Male,Chevrolet,Prizm,1999,SCBZU25E01C021137
665,Drucie,Ren,drenig@ezinearticles.com,Female,Toyota,Avalon,2009,WBA3N5C57EF433559
666,Jammie,Worman,jwormanih@vinaora.com,Female,Ford,Explorer Sport Trac,2001,WVWGU9AN5BE766555
667,Hewett,Binch,hbinchii@cornell.edu,Male,Buick,Rendezvous,2002,WAUFGAFBXAN259990
668,Joannes,Drewery,jdreweryij@xrea.com,Female,open,Lumina,1995,WBANA53564B252351
669,Merna,Coaker,mcoakerik@soundcloud.com,Female,Dodge,Caravan,1992,5J8TB18259A588568
670,Connie,Alentyev,calentyevil@dmoz.org,Male,Toyota,Tacoma,2011,WBADT43493G794553
671,Stirling,Joskowitz,sjoskowitzim@princeton.edu,Male,Toyota,Camry,2003,KMHTC6AD3DU368272
672,Gwenore,Matysik,gmatysikin@google.ru,Female,Acura,SLX,1996,3VW467AT3CM716908
673,Ilaire,Maestro,imaestroio@jalbum.net,Male,BMW,M3,2005,2G4GW5EV7B9359008
674,Evyn,Romi,eromiip@wikia.com,Genderqueer,Chevrolet,Astro,1996,WBABD33415J636244
675,Mildred,Lankham,mlankhamiq@epa.gov,Female,Jeep,Wrangler,2001,1C4NJPBA6CD460732
676,Dalt,Odd,doddir@twitpic.com,Male,Ford,Mustang,1991,2HNYD28307H859011
677,Bartolomeo,Seddon,bseddonis@youku.com,Male,Lotus,Exige,2005,YV1672MW5B2483177
678,Madelena,Hartright,mhartrightit@google.cn,Female,open,PT Cruiser,2002,4JGBF2FE9BA149750
679,Thomas,Wadmore,twadmoreiu@slashdot.org,Male,Toyota,Celica,1993,WDDJK6FA1FF135338
680,Solly,Blatcher,sblatcheriv@pcworld.com,Male,Mercedes-Benz,CLS-Class,2006,4T1BF3EK4AU064132
681,Esme,Filon,efiloniw@bizjournals.com,Male,Toyota,Matrix,2010,WAUAH74F16N249338
682,Allistir,Dranfield,adranfieldix@bloglines.com,Male,Pontiac,Firebird,1992,WDDEJ7KB2BA596290
683,Jordan,Minithorpe,jminithorpeiy@parallels.com,Male,Dodge,Dakota Club,2005,2G4WY55J611703069
684,Barr,Hanlon,bhanloniz@amazon.com,Male,Chrysler,Cirrus,2000,1GD02ZCG2EF635793
685,Erny,Whitesel,ewhiteselj0@squidoo.com,Male,GMC,Savana 2500,2009,KNDJT2A54C7957700
686,Thaine,Mountcastle,tmountcastlej1@bluehost.com,Male,Cadillac,Fleetwood,1994,1FMCU9C74AK880259
687,Wynn,Brodley,wbrodleyj2@bloglovin.com,Male,Mercury,Topaz,1988,WBAWV53518P839445
688,Albie,Eary,aearyj3@printfriendly.com,Male,Audi,5000CS Quattro,1986,WBA3D3C5XEK293277
689,Lola,Burge,lburgej4@opensource.org,Female,Honda,Prelude,1993,5UXWX9C56E0353432
690,Krista,Tripet,ktripetj5@trellian.com,Female,Volvo,C70,1998,JH4CL96895C140543
691,Alika,Deery,adeeryj6@deviantart.com,Female,Suzuki,Aerio,2004,1D7RE3BK6BS271327
692,Ike,Uttridge,iuttridgej7@sun.com,Male,Oldsmobile,Alero,2004,3N1CN7AP9FL255795
693,Eziechiele,Nibley,enibleyj8@techcrunch.com,Male,Buick,LeSabre,2004,4A31K5DFXCE440970
694,Bonny,McKyrrelly,bmckyrrellyj9@chronoengine.com,Female,Acura,TSX,2004,NM0KS9BN5BT826745
695,Archy,Morrell,amorrellja@amazonaws.com,Male,Chevrolet,Avalanche,2010,JN1AZ4EH3AM500974
696,Ida,De Blasiis,ideblasiisjb@thetimes.co.uk,Female,Acura,RL,1998,1NXBE4EE1AZ457332
697,Oswell,Wiltshaw,owiltshawjc@cbsnews.com,Genderqueer,Volvo,C70,2001,WA1DGAFE6DD802955
698,Rayna,Prenty,rprentyjd@mozilla.org,Female,Audi,A4,2004,WBA3B9C54FJ354736
699,Barbey,Plaunch,bplaunchje@nyu.edu,Genderqueer,Jeep,Wrangler,2008,2G4GT5GC3B9427924
700,Paulita,Ghidini,pghidinijf@toplist.cz,Female,Pontiac,LeMans,1988,WAUGL78E96A600367
701,Rhys,Meneghelli,rmeneghellijg@dot.gov,Male,Mazda,MPV,1996,JTJBARBZ2F2066100
702,Cherri,Dymocke,cdymockejh@wikia.com,Female,Morgan,Aero 8,2006,KM8JT3AB1BU933314
703,Holli,Hagland,hhaglandji@weebly.com,Female,Volkswagen,Tiguan,2010,WAUEG98E36A885705
704,Westleigh,Jacmar,wjacmarjj@livejournal.com,Male,Chrysler,Crossfire,2004,3D73Y3CL7BG830959
705,Jerri,Child,jchildjk@army.mil,Male,Toyota,RAV4,2003,1GYEE437X90935976
706,Wren,Trewhela,wtrewhelajl@infoseek.co.jp,Female,Acura,Integra,2001,JN1CV6EK2EM007904
707,Herculie,MacGregor,hmacgregorjm@printfriendly.com,Male,Acura,Integra,1988,WAUGL78E28A890115
708,Tierney,Tows,ttowsjn@cbc.ca,Agender,Isuzu,Hombre,1996,WAUR4AFD7DN511769
709,Sydney,Park,sparkjo@google.com.au,Female,Ford,Mustang,1965,KL4CJFSB5DB903759
710,Peterus,Jerok,pjerokjp@g.co,Male,Dodge,Stratus,1997,WAUSFAFL5BA054208
711,Haze,Scrannage,hscrannagejq@parallels.com,Male,Chevrolet,Silverado,1999,3D7TT2CT3BG724582
712,Ivonne,Leggen,ileggenjr@alibaba.com,Female,Mercury,Cougar,1967,WAUAF98E47A197361
713,Goran,Hundell,ghundelljs@ameblo.jp,Male,Dodge,Ram Van 2500,1995,WBADW3C58DJ014539
714,Scotti,Flescher,sflescherjt@sciencedaily.com,Male,BMW,5 Series,2007,WBABS53401E192844
715,Thornton,Bockmann,tbockmannju@rakuten.co.jp,Male,Mazda,Protege,1995,5N1AR1NB3BC927467
716,Danny,Kitchinghan,dkitchinghanjv@hibu.com,Male,Lincoln,Town Car,1992,1G6DG1E35E0286590
717,Olly,Cripwell,ocripwelljw@smh.com.au,Female,Dodge,Stealth,1995,WA1EV94L17D251784
718,Danica,Gulvin,dgulvinjx@theglobeandmail.com,Female,BMW,5 Series,2000,WAU3GBFC8DN035199
719,Georgy,Rolf,grolfjy@bloglovin.com,Male,Ford,Expedition,2008,SAJWA0JH3EM568594
720,Norry,Beeching,nbeechingjz@ovh.net,Female,Toyota,Camry,2004,WBAGN63442D291127
721,Hermon,Driscoll,hdriscollk0@edublogs.org,Male,Nissan,350Z Roadster,2006,1GKUKGEJ6AR676153
722,Flory,Stowte,fstowtek1@wordpress.com,Male,Mitsubishi,Galant,2011,WAUWFAFL0CA737212
723,Ethelin,Berrecloth,eberreclothk2@barnesandnoble.com,Female,Pontiac,Tempest,1967,1GYS3BKJ4FR049461
724,Jeannie,McKiddin,jmckiddink3@list-manage.com,Female,Lexus,IS,2010,1FTWW3DY3AE788445
725,Willyt,MacSkeaghan,wmacskeaghank4@live.com,Bigender,Mercedes-Benz,S-Class,2007,1N6AA0CC3CN390068
726,Ellette,Waters,ewatersk5@wikia.com,Female,Mercedes-Benz,400E,1992,JN8AE2KP9B9135234
727,Joanne,Deyes,jdeyesk6@purevolume.com,Female,Chevrolet,G-Series 1500,1998,KMHCT4AE4CU684713
728,Myrle,Trebilcock,mtrebilcockk7@ustream.tv,Female,Cadillac,DeVille,2000,1FTEX1CM8CF847529
729,Mechelle,Tortice,mtorticek8@networkadvertising.org,Female,Pontiac,G5,2008,WBAYF8C56FD356846
730,Sanderson,Rahlof,srahlofk9@reverbnation.com,Male,Aston Martin,Virage,2011,1B3CB5HA4BD976880
731,Zaccaria,Maud,zmaudka@uiuc.edu,Male,Scion,tC,2006,WBA3B5G59FN826716
732,Vernor,Diss,vdisskb@people.com.cn,Male,Mercedes-Benz,CLK-Class,1999,5N1AN0NW1EN367496
733,Skelly,Biesterfeld,sbiesterfeldkc@symantec.com,Male,Aston Martin,DB9,2008,SCBDU3ZA2CC767437
734,Brandice,Deighan,bdeighankd@utexas.edu,Female,Pontiac,Firebird,1985,JM1GJ1T6XF1803273
735,Agnella,Atley,aatleyke@sitemeter.com,Female,Rolls-Royce,Phantom,2006,1D7RB1CT7AS420766
736,Timmie,Willmore,twillmorekf@mapquest.com,Female,Kia,Carens,2007,4A4AP3AU0DE082784
737,Amalia,Heiton,aheitonkg@cmu.edu,Female,Audi,S4,2008,JTJBC1BA3C2415864
738,Maud,Dundridge,mdundridgekh@infoseek.co.jp,Female,GMC,Savana 2500,2007,WBAAV33431F614865
739,Holly,Loud,hloudki@google.es,Female,Lamborghini,Gallardo,2006,1D7RE2BK8BS800044
740,Dom,Petrussi,dpetrussikj@bing.com,Male,Pontiac,Bonneville,1988,KMHGN4JE0FU272238
741,Emery,Skipsea,eskipseakk@auda.org.au,Bigender,Buick,Park Avenue,1993,3C4PDDDG9FT937068
742,Cad,Junkinson,cjunkinsonkl@japanpost.jp,Non-binary,Audi,S5,2011,WAUDGAFL6AA773617
743,Nikolaus,Clemmensen,nclemmensenkm@cmu.edu,Male,Saturn,Aura,2008,KNADH5A31A6647194
744,Georgianne,Powder,gpowderkn@cyberchimps.com,Female,Kia,Rio,2012,5N1AR1NB3CC600312
745,Karilynn,Kubin,kkubinko@digg.com,Female,Jeep,Grand Cherokee,2005,1G6AJ1RX7F0355489
746,Reginauld,Harbron,rharbronkp@taobao.com,Male,Ford,Fairlane,1965,JN1CV6EK0AM774662
747,Ulrick,Vail,uvailkq@stanford.edu,Male,Mazda,626,1993,5J8TB2H5XCA217817
748,Duffy,Wastie,dwastiekr@thetimes.co.uk,Male,Hyundai,Accent,2013,1GKUKGEJ5AR345838
749,Germana,Poulney,gpoulneyks@washingtonpost.com,Female,Lotus,Elise,2006,19UUA8F36DA450297
750,Christophorus,Brickner,cbricknerkt@elegantthemes.com,Male,Mitsubishi,Mirage,1991,SCFEBBAC5AG919085
751,Nancy,Prigmore,nprigmoreku@posterous.com,Female,Scion,iQ,2012,5UXZV8C56D0139343
752,Junina,Churchward,jchurchwardkv@mapquest.com,Female,Mercedes-Benz,SLK-Class,1998,WAUAGAFD1DN236145
753,Marleah,Vell,mvellkw@mapquest.com,Female,Mitsubishi,Mighty Max Macro,1992,JA32X2HU4BU876426
754,Sarette,Itzkin,sitzkinkx@ox.ac.uk,Female,Infiniti,G35,2007,3D4PH7FG6BT510348
755,Sileas,Bennetts,sbennettsky@mashable.com,Female,Lincoln,MKS,2009,SALAG2D4XCA761294
756,Eduino,Danielski,edanielskikz@usda.gov,Male,Subaru,Forester,2011,SAJWA4FB3EL904567
757,Ferris,Armiger,farmigerl0@amazon.de,Polygender,Ford,Aerostar,1996,WBAYB6C51DC669936
758,Andreas,McShee,amcsheel1@dion.ne.jp,Male,Chevrolet,Impala,2004,SCBBR93W27C997744
759,Cob,Ogus,cogusl2@cnbc.com,Male,Lincoln,MKT,2011,WBAHN83546D318759
760,Heloise,Quogan,hquoganl3@sogou.com,Female,Mercedes-Benz,CLS-Class,2009,3N1AB7AP2FL192037
761,Benedikt,Setch,bsetchl4@rediff.com,Male,Mitsubishi,Galant,2011,4T1BD1FK4EU153164
762,Nikita,Billes,nbillesl5@forbes.com,Male,Ford,Thunderbird,1994,WBAUN13568V805285
763,Ilene,Yushankin,iyushankinl6@themeforest.net,Female,Volvo,XC60,2009,3D73Y3HL7BG804807
764,Sebastien,Stummeyer,sstummeyerl7@cafepress.com,Male,Pontiac,Sunfire,1995,TRUDD38JX81461805
765,Imogene,Minnock,iminnockl8@myspace.com,Female,Buick,Regal,2000,1D7RV1GP7BS970796
766,Giusto,Demead,gdemeadl9@behance.net,Polygender,Bentley,Continental,2012,WAUAFAFH4DN892314
767,Neron,Conniam,nconniamla@scientificamerican.com,Male,Chrysler,Crossfire,2004,1GYS4KEF4DR640018
768,Arvie,Puddefoot,apuddefootlb@ft.com,Male,Lincoln,Continental Mark VII,1988,3D7TP2CT5AG981472
769,Nealon,Muzzullo,nmuzzullolc@vistaprint.com,Genderfluid,Mercury,Cougar,1989,1J4AA2D14BL701250
770,Peadar,Coveny,pcovenyld@barnesandnoble.com,Agender,Suzuki,Vitara,2002,5BZAF0AA6EN668566
771,Dev,Andrioni,dandrionile@guardian.co.uk,Male,Toyota,Corolla,2011,1GYFC13239R208655
772,Phebe,Bohden,pbohdenlf@webmd.com,Female,Porsche,Carrera GT,2004,WBAUN7C5XDV955588
773,Lenette,Wloch,lwlochlg@home.pl,Female,Chevrolet,Malibu,2000,YV4852CT5A1947694
774,Nicolais,Lowson,nlowsonlh@sakura.ne.jp,Male,Maserati,GranTurismo,2009,WAUMV94E28N908491
775,Arlen,Schops,aschopsli@quantcast.com,Non-binary,Lotus,Elan,1993,5TDDK3DC6ES245746
776,Neall,Stobbes,nstobbeslj@linkedin.com,Genderfluid,Audi,riolet,1994,WBA3R5C59FF921580
777,Izaak,Bowditch,ibowditchlk@nhs.uk,Male,Mazda,B-Series,1988,WBA3X5C54ED334123
778,Ariel,Wallentin,awallentinll@cnbc.com,Male,Plymouth,Acclaim,1995,JN1AZ4EH1FM721836
779,Vina,Jedrzejczyk,vjedrzejczyklm@livejournal.com,Female,Cadillac,Seville,1997,TRUUT28N021848774
780,Mead,Ofer,moferln@economist.com,Male,Toyota,Corolla,1999,WAUKF78EX7A633431
781,Xena,Vasilkov,xvasilkovlo@theglobeandmail.com,Female,Mazda,MPV,1989,5N1AL0MMXEC146657
782,Antonia,Cranmere,acranmerelp@dropbox.com,Female,Subaru,Brat,1984,SCFAB02A86G254271
783,Brenda,Currom,bcurromlq@mail.ru,Female,Dodge,Caravan,2001,1N6AA0CCXAN272273
784,Lesley,Swindlehurst,lswindlehurstlr@thetimes.co.uk,Agender,Ford,Escape,2004,1C3CDFAA6DD500369
785,Reggie,Keating,rkeatingls@miibeian.gov.cn,Genderqueer,Toyota,Camry,2003,1G6DP1E32D0245395
786,Ashli,Stienham,astienhamlt@sakura.ne.jp,Female,Aptera,Type-1h,2010,5UXFG4C54AL682934
787,Scot,Espinazo,sespinazolu@narod.ru,Male,Volkswagen,Eurovan,2000,2HNYD18663H635711
788,Reyna,Gandley,rgandleylv@fc2.com,Female,Pontiac,Firebird,1990,1FADP3E25FL531670
789,Renae,Fleay,rfleaylw@imageshack.us,Female,Mercedes-Benz,CL-Class,1999,JH4CU2F89CC117751
790,Ricard,Claeskens,rclaeskenslx@eepurl.com,Male,Nissan,Armada,2007,WAUAT48H75K060413
791,Eliot,Silverman,esilvermanly@desdev.cn,Male,Mazda,B-Series,2000,WA1BV94L58D023470
792,Lu,Cargo,lcargolz@huffingtonpost.com,Female,Maserati,GranSport,2005,WAUKH94F16N553155
793,Janetta,Steptow,jsteptowm0@washingtonpost.com,Female,Chevrolet,Suburban 1500,2005,JN8CS1MUXFM854932
794,Red,Callander,rcallanderm1@army.mil,Male,Pontiac,Aztek,2002,WBAKE3C59BE420197
795,Kara,Covey,kcoveym2@dailymotion.com,Female,Nissan,240SX,1992,WUARL48HX7K322372
796,Orel,Pavett,opavettm3@tuttocitta.it,Female,BMW,7 Series,2006,1G4HF57978U772059
797,Amity,McLinden,amclindenm4@opensource.org,Female,Pontiac,6000,1988,JN1AZ4FHXFM417192
798,Michel,Jelkes,mjelkesm5@cbsnews.com,Female,Toyota,FJ Cruiser,2008,JN8AF5MV6FT799087
799,Hartley,Pennyman,hpennymanm6@shareasale.com,Male,Cadillac,SRX,2004,3VW1K7AJ2EM052102
800,Lalo,Franklin,lfranklinm7@histats.com,Male,BMW,1 Series,2011,3VW117AU1FM463571
801,Ewan,Bownd,ebowndm8@over-blog.com,Male,Chevrolet,Blazer,1999,ZHWGU5BZ5DL946263
802,Vera,Denes,vdenesm9@e-recht24.de,Female,Mercury,Cougar,1993,5BZAF0AA5EN287386
803,Conan,Jagiela,cjagielama@webmd.com,Genderqueer,Dodge,Ram Van B350,1993,2HNYB1H63DH150854
804,Patrica,Bains,pbainsmb@blinklist.com,Female,Mitsubishi,Endeavor,2011,19UUA86299A997644
805,Xylia,Sadat,xsadatmc@google.fr,Female,Pontiac,GTO,1971,WAUPL58E04A323223
806,Jarrid,Dobney,jdobneymd@ebay.co.uk,Male,Aston Martin,V8 Vantage,2011,2FMHK6CC9AB477119
807,Natalie,Pech,npechme@pen.io,Female,Toyota,RAV4,2005,WBALX3C57CD874101
808,Colman,McErlaine,cmcerlainemf@fda.gov,Male,Acura,MDX,2002,WAUAH78E07A337288
809,Franny,Degoy,fdegoymg@engadget.com,Female,Fiat,Nuova 500,2012,WBALW3C51FC525996
810,Jammie,Sewell,jsewellmh@dailymotion.com,Female,Porsche,Boxster,1999,JH4KB2F63CC829401
811,Merry,Gillinghams,mgillinghamsmi@google.ru,Female,Mercedes-Benz,S-Class,2000,WBA3A5C58FF003553
812,Marguerite,Gingle,mginglemj@cnet.com,Female,Mercedes-Benz,C-Class,2002,WAUEF78E58A777757
813,Lynett,Clinch,lclinchmk@nps.gov,Female,Suzuki,Grand Vitara,2004,1D4PT4GK1BW223221
814,Burnaby,Vell,bvellml@foxnews.com,Male,Mazda,MX-5,2003,1GT01ZCG3EF910658
815,Kathleen,Riediger,kriedigermm@myspace.com,Female,Land Rover,LR3,2009,1G6DM5ED9B0029940
816,Quinta,Jezard,qjezardmn@wikipedia.org,Female,Lexus,IS,2008,WDDJK6FA6FF423288
817,Lazare,Falck,lfalckmo@tinypic.com,Male,Mitsubishi,Mirage,1992,1GD22ZCG4DZ544966
818,Nani,Schutter,nschuttermp@state.tx.us,Female,BMW,7 Series,2012,JM3TB2BA5B0735138
819,Alyssa,Estcourt,aestcourtmq@altervista.org,Female,Smart,Fortwo,2011,1VWAS7A37FC045344
820,Kizzee,Startin,kstartinmr@cornell.edu,Female,Oldsmobile,Ciera,1993,WBAUC9C56DV698690
821,Saunders,Wanden,swandenms@ehow.com,Male,Hummer,H1,1997,5UMBT93546L024915
822,Nataline,Southard,nsouthardmt@networkadvertising.org,Female,Saturn,S-Series,1997,SCBBR93W49C238838
823,Rutter,Gudeman,rgudemanmu@fda.gov,Male,Plymouth,Grand Voyager,1997,WBAPM5C52BF026412
824,Salomone,Chalfant,schalfantmv@vistaprint.com,Male,Ford,Mustang,2004,5J6TF1H59DL004970
825,Dylan,Albin,dalbinmw@amazon.de,Male,Pontiac,Montana,2001,TRUWT28N441687051
826,Aili,Shalcros,ashalcrosmx@google.ru,Female,Infiniti,EX,2009,1GYEK63N04R562423
827,Shawna,Discombe,sdiscombemy@xrea.com,Female,Volvo,S80,2006,JM1BL1L39C1706510
828,Jabez,Daber,jdabermz@cpanel.net,Male,Mazda,RX-8,2008,WP1AE2A24DL531557
829,Gunner,Lufkin,glufkinn0@ft.com,Male,Maserati,GranTurismo,2008,3C63DRML5CG211096
830,Stanley,Zappel,szappeln1@yahoo.co.jp,Male,Lincoln,Navigator,2001,WAUHE78P39A639492
831,Kleon,Luckcuck,kluckcuckn2@google.com.br,Male,Buick,Regal,1994,3N1AB7AP1FY609778
832,Arabella,Bernocchi,abernocchin3@msu.edu,Female,Volkswagen,CC,2009,5TDBW5G16AS897567
833,Marga,Maas,mmaasn4@wordpress.org,Female,Mercedes-Benz,G-Class,2005,KNADH5A33A6654762
834,Saudra,Bahl,sbahln5@furl.net,Female,Dodge,Ramcharger,1993,SALVP2BG1EH683125
835,Fredek,Cossins,fcossinsn6@jugem.jp,Male,Honda,CR-V,2007,3VW507AT3EM996595
836,Mikael,Baser,mbasern7@illinois.edu,Male,Volvo,940,1993,1FMJK1F54DE972564
837,Kristin,Bourgaize,kbourgaizen8@senate.gov,Female,Mercury,Sable,2002,WBS3C9C52FJ707645
838,Alaster,Jasik,ajasikn9@irs.gov,Male,BMW,X3,2011,4T1BK3DB1CU682220
839,Leopold,Whitmarsh,lwhitmarshna@mail.ru,Male,BMW,5 Series,1994,WBABS53491E114093
840,Killy,Ogers,kogersnb@dedecms.com,Male,Chevrolet,Suburban 2500,1996,WP1AB2A23FL661695
841,Bernelle,Bowstead,bbowsteadnc@cocolog-nifty.com,Female,Dodge,Ram 2500,2005,19UYA41733A857660
842,Nerta,Le Noire,nlenoirend@washington.edu,Female,GMC,Suburban 2500,1993,WBA3R1C54EK512353
843,Amalie,Persehouse,apersehousene@blogspot.com,Female,Mitsubishi,Pajero,1985,2T1BURHE1EC537183
844,Nollie,Pfaff,npfaffnf@shareasale.com,Female,Toyota,Sequoia,2007,JN8AE2KPXF9865305
845,Farra,Safhill,fsafhillng@mlb.com,Non-binary,Lotus,Esprit,1993,1G6DJ8EG0A0146177
846,Corette,Preskett,cpreskettnh@redcross.org,Female,BMW,7 Series,1994,KMHEC4A46DA029715
847,Dorothea,Slocombe,dslocombeni@indiatimes.com,Female,BMW,1 Series,2010,1B3CB9HA3AD524182
848,Judye,Kiddye,jkiddyenj@xrea.com,Female,Oldsmobile,Ciera,1996,YV1612FH1D2309447
849,Clay,Brignell,cbrignellnk@ihg.com,Male,Toyota,4Runner,1999,1N6AA0EJ1FN495823
850,Renado,Aldritt,raldrittnl@ibm.com,Male,Kia,Optima,2002,3N1CN7AP0DL614237
851,Benny,Klais,bklaisnm@spiegel.de,Genderqueer,Ford,Taurus,1993,1FTEW1CM4CK917361
852,Abbey,Seabrooke,aseabrookenn@edublogs.org,Male,Toyota,T100 Xtra,1996,3N1CN7AP7EK623119
853,Elia,Hankey,ehankeyno@europa.eu,Male,Toyota,Avalon,1997,2HNYD28378H340166
854,Deloria,Matyashev,dmatyashevnp@soundcloud.com,Female,Dodge,Dakota,2006,WBAVB335X6K954323
855,Harrison,Tuberfield,htuberfieldnq@t.co,Male,Toyota,Celica,2002,WAUAF98E17A996529
856,Guilbert,Worsnop,gworsnopnr@issuu.com,Male,Toyota,Supra,1995,5NPDH4AE1EH669299
857,Franciskus,Dodwell,fdodwellns@bloglovin.com,Male,Audi,A3,2009,WBA3D3C5XFK907794
858,Hewet,Gossling,hgosslingnt@github.io,Male,Studebaker,Avanti,1962,WBAPL3C56AA783557
859,Ingelbert,Allwell,iallwellnu@usa.gov,Male,Land Rover,LR4,2011,WAUBF98E97A713380
860,Esmeralda,Cowan,ecowannv@auda.org.au,Female,Dodge,D250 Club,1992,5UXKR2C50E0358562
861,Gaby,Meys,gmeysnw@technorati.com,Male,Mercedes-Benz,S-Class,2000,1G6KD57Y89U648166
862,Darn,Duddan,dduddannx@sphinn.com,Genderfluid,Toyota,4Runner,2008,JN1CV6AP1DM791878
863,Milka,Sloley,msloleyny@apache.org,Female,Volkswagen,Jetta,2010,JM1BL1K52B1562882
864,Celie,Hunte,chuntenz@addthis.com,Non-binary,Chevrolet,Monte Carlo,2003,WP1AE2A22BL169256
865,Kelbee,Dudeney,kdudeneyo0@prnewswire.com,Male,Lexus,GX,2006,YV4852CZ3A1350130
866,Joaquin,Carnow,jcarnowo1@yellowbook.com,Genderfluid,Maserati,Biturbo,1984,1FTWX3B52AE603176
867,Allan,Corneille,acorneilleo2@oaic.gov.au,Male,Suzuki,Grand Vitara,2008,KMHTC6AD4EU316232
868,Dimitri,Durden,ddurdeno3@goodreads.com,Agender,Nissan,GT-R,2010,W04GR5EC8B1807037
869,Claribel,Issacov,cissacovo4@hubpages.com,Female,Subaru,Brat,1984,JM3KE2BE5F0377728
870,Aloisia,McTaggart,amctaggarto5@mail.ru,Female,Suzuki,XL-7,2005,5FRYD3H6XFB547805
871,Rebbecca,Burdoun,rburdouno6@histats.com,Female,MINI,Clubman,2012,1C4PJLAK3CW157410
872,Elli,Rosenblatt,erosenblatto7@smh.com.au,Female,Mitsubishi,3000GT,1996,2B3CK4CV6AH785371
873,Zoe,Tilte,ztilteo8@sohu.com,Female,Mazda,Protege,1996,JM1GJ1T61E1338350
874,Brenn,Berzin,bberzino9@webnode.com,Female,Mazda,Protege,2000,3VW4S7AT7EM281695
875,Helsa,Bolingbroke,hbolingbrokeoa@multiply.com,Female,Land Rover,Range Rover,1992,WAUVF98KX9A089224
876,Robinette,Eite,reiteob@vinaora.com,Female,Nissan,Pathfinder Armada,2004,5N1AN0NU0FN839218
877,Trent,Curnnok,tcurnnokoc@comsenz.com,Male,Ford,Torino,1970,SCFBB03B18G047803
878,Elijah,Nimmo,enimmood@ebay.co.uk,Male,Jensen,Interceptor,1967,3N1CN7AP2EK216177
879,Katheryn,MacDwyer,kmacdwyeroe@wisc.edu,Female,Pontiac,GTO,1965,JHMGE8G34DC678185
880,Frasier,Martschke,fmartschkeof@posterous.com,Male,Ford,Econoline E150,1999,1FTEX1C83AF007884
881,Humberto,Garment,hgarmentog@hostgator.com,Male,Ford,F-250 Super Duty,2006,WAUGGAFR5EA310990
882,Minny,Berge,mbergeoh@parallels.com,Female,open,Crown Victoria,2007,SCBDC3ZA4DC514429
883,Kariotta,Ianilli,kianillioi@list-manage.com,Female,Lexus,ES,1990,19UYA42541A238463
884,Huntington,Cossor,hcossoroj@fda.gov,Genderfluid,Ford,Bronco,1989,SCBGC3ZA1EC755041
885,Sarine,Siemantel,ssiemantelok@vk.com,Female,Chevrolet,Corvette,1986,1C3CCBAB5CN271891
886,Tasha,Sowle,tsowleol@simplemachines.org,Female,Ford,Focus,2003,WAUEFBFL9EN543582
887,Carroll,Glassford,cglassfordom@java.com,Female,Mitsubishi,Chariot,1991,3FA6P0LU9DR017654
888,Zarah,Wethered,zwetheredon@irs.gov,Female,Volkswagen,GTI,2004,5GAEV23768J759027
889,Casey,Bynold,cbynoldoo@newyorker.com,Female,Mercury,Grand Marquis,2007,2D4RN4DE4AR237610
890,Giles,Brewins,gbrewinsop@mac.com,Male,Nissan,Quest,2001,WBAUU33509A842176
891,Darwin,Dorrian,ddorrianoq@mlb.com,Male,Acura,TL,2002,1G4GF5G3XCF520665
892,Robert,Litt,rlittor@yellowbook.com,Male,Chevrolet,Corsica,1995,WA1C8BFP9DA474948
893,Wenona,Ivimy,wivimyos@yellowbook.com,Female,Cadillac,CTS,2004,WDDLJ7DB2CA526505
894,Auguste,Angless,aanglessot@guardian.co.uk,Female,Isuzu,Hombre,1999,3VW8S7AT9FM147483
895,Bronny,Hares,bharesou@bizjournals.com,Male,Nissan,Maxima,2003,5TFCM5F14AX550843
896,Rolf,Mallindine,rmallindineov@aboutads.info,Male,Porsche,911,1994,1GT022CG3EF297784
897,Austin,Vizor,avizorow@apache.org,Male,Mitsubishi,Mirage,1995,KM8NU4CC7CU198852
898,Stacey,Birchenhead,sbirchenheadox@hexun.com,Female,Dodge,Daytona,1984,2C4RDGCG0CR161682
899,Jan,Joslow,jjoslowoy@princeton.edu,Male,Lincoln,Town Car,1997,WA1MKAFP6AA198899
900,Kaleena,Sandes,ksandesoz@cbsnews.com,Female,Honda,Accord,2012,1G6DM57N640531216
901,Ardra,Gonsalo,agonsalop0@behance.net,Female,Mazda,CX-7,2008,5GADT13S442326729
902,Gradey,Tschiersch,gtschierschp1@bandcamp.com,Male,Cadillac,Fleetwood,1996,5NPDH4AE6FH097082
903,Abey,Hazlegrove,ahazlegrovep2@live.com,Male,Subaru,SVX,1994,WAUCVAFR3CA261127
904,Letizia,Fowle,lfowlep3@bloglines.com,Female,Honda,Odyssey,2011,WAUBFAFL6DA609301
905,Jaymee,Frances,jfrancesp4@goo.gl,Female,Lincoln,Continental Mark VII,1988,1C4AJWAG6FL000253
906,Henri,Fumagallo,hfumagallop5@quantcast.com,Male,Toyota,RAV4,2012,3C6TD4KTXCG983695
907,Katya,Barnfield,kbarnfieldp6@posterous.com,Female,Maserati,Quattroporte,2010,WAULC68E75A541164
908,Bessie,Letterese,bletteresep7@noaa.gov,Female,Toyota,Tacoma,2008,5N1BA0ND9FN390461
909,Lorinda,Longland,llonglandp8@bluehost.com,Female,Mazda,929,1992,1G4GL5E31DF421066
910,Sarina,Graysmark,sgraysmarkp9@dmoz.org,Female,Cadillac,SRX,2012,1FTEW1E81AK567345
911,Ella,Lupson,elupsonpa@vimeo.com,Female,Acura,RDX,2008,3D4PH7FG6BT597653
912,Lisetta,Evelyn,levelynpb@sphinn.com,Female,Infiniti,G,1995,JTDKTUD3XED210195
913,Tate,Larmouth,tlarmouthpc@wired.com,Female,Dodge,Ram 1500,2004,1GD11ZCG8BF919643
914,Alair,McGivena,amcgivenapd@51.la,Male,Hyundai,Santa Fe,2003,WAUFFBFL2DN333019
915,Rich,Pennycook,rpennycookpe@illinois.edu,Male,Audi,80,1990,1FMJU1F5XAE995112
916,Catarina,Geekie,cgeekiepf@state.gov,Female,Mazda,Protege,2000,WDDHH8HB7BA923949
917,Malia,Gillon,mgillonpg@cbsnews.com,Female,Mitsubishi,Mighty Max,1993,1GYFK46828R059139
918,Giacopo,Hartgill,ghartgillph@yolasite.com,Male,Scion,tC,2011,1D4PU6GX4BW126213
919,Clyde,Caldero,ccalderopi@dedecms.com,Male,Volvo,V70,2009,1D4PU2GK6BW571288
920,Hugh,Farryann,hfarryannpj@scribd.com,Male,Mercury,Mystique,1999,5UXFG2C51E0891673
921,Westley,Traise,wtraisepk@marriott.com,Male,Chevrolet,S10,2000,KNDJN2A2XF7140803
922,Trula,Yurin,tyurinpl@businesswire.com,Female,Chevrolet,Metro,2000,WBAAZ33494K064085
923,Dulsea,Clitsome,dclitsomepm@msn.com,Female,Kia,Sportage,1998,3C6TD5FT7CG584372
924,Stephan,Quest,squestpn@yale.edu,Male,Mazda,RX-7,1988,1VWAS7A36FC515508
925,Marcelia,O' Cloney,mocloneypo@examiner.com,Female,Volkswagen,Beetle,1965,WAULT58E84A369381
926,Gennie,Wagenen,gwagenenpp@themeforest.net,Female,Eagle,Summit,1995,2HNYD18943H249542
927,Rad,Tomaini,rtomainipq@mail.ru,Male,Chevrolet,Express 2500,1999,WBAAV53401J141077
928,Lorie,Mill,lmillpr@dion.ne.jp,Female,Mercury,Cougar,1967,1G6AC5SX1F0996052
929,Gonzales,Shatliffe,gshatliffeps@themeforest.net,Male,Hyundai,XG350,2005,WBAKG1C56BE406059
930,Tadio,Tickel,ttickelpt@webnode.com,Male,Pontiac,Firefly,1989,JM3TB2CV4F0842012
931,Lyndy,Layus,llayuspu@ed.gov,Female,Dodge,Ram,2007,WAUJC58E83A652935
932,Rori,Lackney,rlackneypv@nationalgeographic.com,Female,Honda,Accord Crosstour,2010,3C4PDCDG3CT338088
933,Coralyn,Goodee,cgoodeepw@flickr.com,Female,Nissan,Maxima,2006,WDBSK7AA9BF013864
934,Viole,Siemantel,vsiemantelpx@imageshack.us,Female,Mercedes-Benz,CL-Class,2002,WBAYM1C55FD485657
935,Roxi,Rosendorf,rrosendorfpy@wunderground.com,Female,Mitsubishi,L300,1990,JTDZN3EU2EJ531286
936,Drake,Lowder,dlowderpz@china.com.cn,Male,Isuzu,VehiCROSS,2001,1C3BC4FB4BN241053
937,Candida,Lampart,clampartq0@state.gov,Female,Oldsmobile,Bravada,2000,JH4CU4F43CC812462
938,Anallese,Grason,agrasonq1@imgur.com,Female,Chevrolet,Lumina,1993,WP0CA2A88FK111192
939,Tobias,Haisell,thaisellq2@wunderground.com,Male,Ford,F150,2003,JM1BL1H45A1689008
940,Lance,Ridgers,lridgersq3@wunderground.com,Male,Volvo,S70,1998,WAUDH94F68N976244
941,Clerkclaude,Gilhooley,cgilhooleyq4@hatena.ne.jp,Polygender,Plymouth,Laser,1994,WAUEH48HX7K230513
942,Tucky,McIlory,tmciloryq5@discovery.com,Polygender,Jaguar,X-Type,2004,WBADN63442G006797
943,Yuma,Lenglet,ylengletq6@europa.eu,Male,Lexus,GS,2001,JTHDU5EF7C5806570
944,Rees,Staley,rstaleyq7@ted.com,Male,Saturn,Outlook,2007,19VDE3F38EE425141
945,Gram,Gorgler,ggorglerq8@foxnews.com,Male,GMC,Sierra,2008,JTHBL5EF3E5376985
946,Breena,Burridge,bburridgeq9@nbcnews.com,Agender,Mercury,Milan,2009,JA32U2FU8DU943835
947,Alexandra,Kimbury,akimburyqa@moonfruit.com,Female,Audi,90,1990,SCFBF04B88G805610
948,Romy,Walkey,rwalkeyqb@toplist.cz,Female,Pontiac,Grand Prix,1976,2B3CJ4DV1AH398972
949,Pauli,Brooks,pbrooksqc@4shared.com,Female,Lexus,SC,1992,5N1AA0NC3FN643888
950,Gianni,Melato,gmelatoqd@trellian.com,Male,Ford,Explorer Sport Trac,2010,1G4GC5GC0BF871057
951,Alvina,Vader,avaderqe@blinklist.com,Bigender,Dodge,Dakota,1999,5TFCM5F10AX596203
952,Witty,Hutt,whuttqf@mysql.com,Male,Mercedes-Benz,C-Class,2000,WAUAFAFL8EA436734
953,Bertrand,Bauer,bbauerqg@usda.gov,Male,Ford,Thunderbird,2006,SCFAB01A06G975136
954,Laughton,Cossem,lcossemqh@google.nl,Genderqueer,Saab,9-5,2009,2T1BU4EE7DC139742
955,Nichol,Barendtsen,nbarendtsenqi@un.org,Female,Volkswagen,Corrado,1990,WBA4A5C51FG894851
956,Walker,Shaxby,wshaxbyqj@apple.com,Male,Chevrolet,2500,1994,SCBGU3ZA5FC117938
957,Rickard,Wakeham,rwakehamqk@delicious.com,Male,Ford,Expedition,1999,KNADH4A30A6278838
958,Hubie,Phuprate,hphuprateql@hao123.com,Male,Nissan,Altima,2001,5N1BA0ND1FN217971
959,Gerda,Breedy,gbreedyqm@spotify.com,Female,Toyota,Camry,1997,JN1CV6AR9FM378207
960,Marji,Krinks,mkrinksqn@go.com,Female,Cadillac,Seville,2002,WBABW53435P264182
961,Stoddard,Dower,sdowerqo@bbb.org,Female,Mercedes-Benz,500SEL,1992,WBAWB3C5XAP369614
962,Neddie,Purvis,npurvisqp@eepurl.com,Male,Lincoln,Mark LT,2008,WBAEN33433P112632
963,Marjie,Burgne,mburgneqq@businesswire.com,Female,Pontiac,Grand Prix,1985,2FMGK5D84FB598714
964,Brana,Shute,bshuteqr@cloudflare.com,Female,Subaru,Legacy,2001,WBAUP73579V366709
965,Wanids,Van Hesteren,wvanhesterenqs@paypal.com,Female,Land Rover,Range Rover,1997,2C3CK3CV5AH126260
966,Tudor,Kubiczek,tkubiczekqt@livejournal.com,Male,GMC,Yukon,2000,WBANE53586B852781
967,Noach,Skin,nskinqu@pagesperso-orange.fr,Genderfluid,Chevrolet,Express 1500,1996,KNALN4D77F5749173
968,Danni,Dunn,ddunnqv@bravesites.com,Female,Pontiac,Grand Prix,1997,WBAKG7C53CE230236
969,Melodie,Hecks,mhecksqw@earthlink.net,Female,BMW,M6,2007,1FMCU4K34BK944268
970,Terrill,Conisbee,tconisbeeqx@purevolume.com,Male,Lincoln,Continental Mark VII,1989,WAULD54B32N924719
971,Imogen,Spearett,ispearettqy@cbslocal.com,Genderfluid,Porsche,Boxster,2007,WAUKF68EX5A185022
972,Theodora,Garlinge,tgarlingeqz@123-reg.co.uk,Female,Audi,5000S,1986,WBA6A0C59FG241938
973,Woodman,Lukasik,wlukasikr0@prnewswire.com,Male,Honda,Civic,2001,WBA3B1C58F5427259
974,Kirstyn,Stanborough,kstanboroughr1@paypal.com,Female,GMC,Sierra 2500,2000,WAUMGAFL3DA040929
975,Jillene,Greenier,jgreenierr2@cornell.edu,Female,GMC,Savana 2500,1996,1FMHK7B86BG228032
976,Eli,Oliff,eoliffr3@artisteer.com,Male,Acura,RL,2005,5XYKT3A17CG244204
977,Aluino,Danat,adanatr4@nbcnews.com,Male,GMC,Sonoma,1997,WDDHF7GB9EB890128
978,Bobbye,Scanderet,bscanderetr5@merriam-webster.com,Female,Suzuki,SX4,2009,2D4RN1AG1BR923478
979,Melicent,McManamen,mmcmanamenr6@weibo.com,Female,Ford,Probe,1993,TRUSX28N621910108
980,Brien,Leydon,bleydonr7@ibm.com,Male,Jaguar,XF,2009,1N6AD0CU0EN115857
981,Kata,Fowlds,kfowldsr8@dailymail.co.uk,Female,Infiniti,M,2011,WP0AA2A98CS175731
982,Giana,MacGall,gmacgallr9@parallels.com,Female,Mazda,Millenia,1998,2B3CA5CT9AH328951
983,Corrinne,Ogbourne,cogbournera@weebly.com,Female,BMW,7 Series,1993,1FTMF1E83AK846484
984,Cord,Benford,cbenfordrb@wiley.com,Male,Volkswagen,Eurovan,2003,JN8AS5MT5BW349501
985,Iona,Sansun,isansunrc@cnbc.com,Female,Mitsubishi,Galant,2000,KNADH5A34A6277794
986,Lombard,Tunnock,ltunnockrd@squarespace.com,Male,Nissan,Sentra,1999,WAUED64B31N087421
987,Israel,Haggerston,ihaggerstonre@myspace.com,Male,Buick,Rendezvous,2002,4A4AP3AU0FE443675
988,Felice,Adanet,fadanetrf@skyrock.com,Female,Hyundai,Tucson,2011,JN1AZ4EH6FM477486
989,Yoshiko,Selwyne,yselwynerg@bloglines.com,Genderfluid,Oldsmobile,Aurora,1997,JM3KE2BE3F0933079
990,Joye,Martinetto,jmartinettorh@e-recht24.de,Female,Nissan,Altima,2004,KMHHT6KD0AU270882
991,Harriet,Broek,hbroekri@facebook.com,Female,Toyota,Tercel,1995,1G6DV5EP3E0439998
992,Josy,Houlridge,jhoulridgerj@prweb.com,Female,Acura,RL,2000,WAUHFAFL2EN896513
993,Trista,de Werk,tdewerkrk@bravesites.com,Female,Hyundai,Sonata,2000,3GYEK62847G640363
994,Stacee,Garz,sgarzrl@rakuten.co.jp,Polygender,Ford,Escort,2000,WBA3B5G54DN388197
995,Annabal,Ovett,aovettrm@blinklist.com,Female,Ford,Mustang,1991,2D4RN7DG1BR250707
996,Felike,Swains,fswainsrn@com.com,Male,Audi,TT,2000,1G4HH5E98AU797328
997,Decca,Denacamp,ddenacampro@illinois.edu,Polygender,GMC,1500 Club Coupe,1994,JTDKTUD32ED011612
998,Benjamin,Wyant,bwyantrp@hc360.com,Male,Nissan,Xterra,2000,2T1KE4EE5CC444054
999,Sidnee,Balharry,sbalharryrq@google.es,Male,Mazda,RX-8,2009,4T1BK1EB2FU984882
1000,Giordano,Tomaszynski,gtomaszynskirr@oaic.gov.au,Male,GMC,Canyon,2004,WP1AA2A2XBL451432
